[14Apr2025 22:19:45.562] [main/INFO] [cpw.mods.modlauncher.Launcher/MODLAUNCHER]: ModLauncher running: args [--launchTarget, forgeserver, --fml.forgeVersion, 47.3.7, --fml.mcVersion, 1.20.1, --fml.forgeGroup, net.minecraftforge, --fml.mcpVersion, 20230612.114412, nogui]
[14Apr2025 22:19:45.566] [main/INFO] [cpw.mods.modlauncher.Launcher/MODLAUNCHER]: ModLauncher 10.0.9+10.0.9+main.dcd20f30 starting: java version 17.0.14 by Ubuntu; OS Linux arch amd64 version 6.8.0-1021-azure
[14Apr2025 22:19:45.589] [main/DEBUG] [cpw.mods.modlauncher.LaunchServiceHandler/MODLAUNCHER]: Found launch services [fmlclientdev,forgeclient,minecraft,forgegametestserverdev,fmlserveruserdev,fmlclient,fmldatauserdev,forgeserverdev,forgeserveruserdev,forgeclientdev,forgeclientuserdev,forgeserver,forgedatadev,fmlserver,fmlclientuserdev,fmlserverdev,forgedatauserdev,testharness,forgegametestserveruserdev]
[14Apr2025 22:19:45.601] [main/DEBUG] [cpw.mods.modlauncher.NameMappingServiceHandler/MODLAUNCHER]: Found naming services : [srgtomcp]
[14Apr2025 22:19:45.613] [main/DEBUG] [cpw.mods.modlauncher.LaunchPluginHandler/MODLAUNCHER]: Found launch plugins: [mixin,eventbus,slf4jfixer,object_holder_definalize,runtime_enum_extender,capability_token_subclass,accesstransformer,runtimedistcleaner]
[14Apr2025 22:19:45.624] [main/DEBUG] [cpw.mods.modlauncher.TransformationServicesHandler/MODLAUNCHER]: Discovering transformation services
[14Apr2025 22:19:45.629] [main/DEBUG] [net.minecraftforge.fml.loading.FMLPaths/CORE]: Path GAMEDIR is /workspaces/server-god/servidor_minecraft
[14Apr2025 22:19:45.629] [main/DEBUG] [net.minecraftforge.fml.loading.FMLPaths/CORE]: Path MODSDIR is /workspaces/server-god/servidor_minecraft/mods
[14Apr2025 22:19:45.630] [main/DEBUG] [net.minecraftforge.fml.loading.FMLPaths/CORE]: Path CONFIGDIR is /workspaces/server-god/servidor_minecraft/config
[14Apr2025 22:19:45.630] [main/DEBUG] [net.minecraftforge.fml.loading.FMLPaths/CORE]: Path FMLCONFIG is /workspaces/server-god/servidor_minecraft/config/fml.toml
[14Apr2025 22:19:45.679] [main/DEBUG] [cpw.mods.modlauncher.TransformationServicesHandler/MODLAUNCHER]: Found additional transformation services from discovery services: 
[14Apr2025 22:19:45.686] [main/INFO] [net.minecraftforge.fml.loading.ImmediateWindowHandler/]: ImmediateWindowProvider not loading because launch target is forgeserver
[14Apr2025 22:19:45.693] [main/DEBUG] [cpw.mods.modlauncher.TransformationServicesHandler/MODLAUNCHER]: Found transformer services : [mixin,fml]
[14Apr2025 22:19:45.694] [main/DEBUG] [cpw.mods.modlauncher.TransformationServicesHandler/MODLAUNCHER]: Transformation services loading
[14Apr2025 22:19:45.694] [main/DEBUG] [cpw.mods.modlauncher.TransformationServiceDecorator/MODLAUNCHER]: Loading service mixin
[14Apr2025 22:19:45.695] [main/DEBUG] [cpw.mods.modlauncher.TransformationServiceDecorator/MODLAUNCHER]: Loaded service mixin
[14Apr2025 22:19:45.695] [main/DEBUG] [cpw.mods.modlauncher.TransformationServiceDecorator/MODLAUNCHER]: Loading service fml
[14Apr2025 22:19:45.696] [main/DEBUG] [net.minecraftforge.fml.loading.LauncherVersion/CORE]: Found FMLLauncher version 1.0
[14Apr2025 22:19:45.696] [main/DEBUG] [net.minecraftforge.fml.loading.FMLLoader/CORE]: FML 1.0 loading
[14Apr2025 22:19:45.696] [main/DEBUG] [net.minecraftforge.fml.loading.FMLLoader/CORE]: FML found ModLauncher version : 10.0.9+10.0.9+main.dcd20f30
[14Apr2025 22:19:45.697] [main/DEBUG] [net.minecraftforge.fml.loading.FMLLoader/CORE]: FML found AccessTransformer version : 8.0.4+66+master.c09db6d7
[14Apr2025 22:19:45.697] [main/DEBUG] [net.minecraftforge.fml.loading.FMLLoader/CORE]: FML found EventBus version : 6.0.5+6.0.5+master.eb8e549b
[14Apr2025 22:19:45.698] [main/DEBUG] [net.minecraftforge.fml.loading.FMLLoader/CORE]: Found Runtime Dist Cleaner
[14Apr2025 22:19:45.699] [main/DEBUG] [net.minecraftforge.fml.loading.FMLLoader/CORE]: FML found CoreMod version : 5.1.6
[14Apr2025 22:19:45.699] [main/DEBUG] [net.minecraftforge.fml.loading.FMLLoader/CORE]: Found ForgeSPI package implementation version 7.0.1+7.0.1+master.d2b38bf6
[14Apr2025 22:19:45.700] [main/DEBUG] [net.minecraftforge.fml.loading.FMLLoader/CORE]: Found ForgeSPI package specification 5
[14Apr2025 22:19:45.700] [main/DEBUG] [cpw.mods.modlauncher.TransformationServiceDecorator/MODLAUNCHER]: Loaded service fml
[14Apr2025 22:19:45.700] [main/DEBUG] [cpw.mods.modlauncher.TransformationServicesHandler/MODLAUNCHER]: Configuring option handling for services
[14Apr2025 22:19:45.707] [main/DEBUG] [cpw.mods.modlauncher.TransformationServicesHandler/MODLAUNCHER]: Transformation services initializing
[14Apr2025 22:19:45.707] [main/DEBUG] [cpw.mods.modlauncher.TransformationServiceDecorator/MODLAUNCHER]: Initializing transformation service mixin
[14Apr2025 22:19:45.720] [main/DEBUG] [mixin/]: MixinService [ModLauncher] was successfully booted in cpw.mods.cl.ModuleClassLoader@7a3d45bd
[14Apr2025 22:19:45.735] [main/INFO] [mixin/]: SpongePowered MIXIN Subsystem Version=0.8.5 Source=union:/workspaces/server-god/servidor_minecraft/libraries/org/spongepowered/mixin/0.8.5/mixin-0.8.5.jar%2365!/ Service=ModLauncher Env=SERVER
[14Apr2025 22:19:45.739] [main/DEBUG] [mixin/]: Initialising Mixin Platform Manager
[14Apr2025 22:19:45.740] [main/DEBUG] [mixin/]: Adding mixin platform agents for container ModLauncher Root Container(ModLauncher:4f56a0a2)
[14Apr2025 22:19:45.740] [main/DEBUG] [mixin/]: Instancing new MixinPlatformAgentMinecraftForge for ModLauncher Root Container(ModLauncher:4f56a0a2)
[14Apr2025 22:19:45.741] [main/DEBUG] [mixin/]: MixinPlatformAgentMinecraftForge rejected container ModLauncher Root Container(ModLauncher:4f56a0a2)
[14Apr2025 22:19:45.741] [main/DEBUG] [mixin/]: Instancing new MixinPlatformAgentDefault for ModLauncher Root Container(ModLauncher:4f56a0a2)
[14Apr2025 22:19:45.742] [main/DEBUG] [mixin/]: MixinPlatformAgentDefault accepted container ModLauncher Root Container(ModLauncher:4f56a0a2)
[14Apr2025 22:19:45.744] [main/DEBUG] [cpw.mods.modlauncher.TransformationServiceDecorator/MODLAUNCHER]: Initialized transformation service mixin
[14Apr2025 22:19:45.744] [main/DEBUG] [cpw.mods.modlauncher.TransformationServiceDecorator/MODLAUNCHER]: Initializing transformation service fml
[14Apr2025 22:19:45.744] [main/DEBUG] [net.minecraftforge.fml.loading.FMLServiceProvider/CORE]: Setting up basic FML game directories
[14Apr2025 22:19:45.745] [main/DEBUG] [net.minecraftforge.fml.loading.FMLPaths/CORE]: Path GAMEDIR is /workspaces/server-god/servidor_minecraft
[14Apr2025 22:19:45.745] [main/DEBUG] [net.minecraftforge.fml.loading.FMLPaths/CORE]: Path MODSDIR is /workspaces/server-god/servidor_minecraft/mods
[14Apr2025 22:19:45.745] [main/DEBUG] [net.minecraftforge.fml.loading.FMLPaths/CORE]: Path CONFIGDIR is /workspaces/server-god/servidor_minecraft/config
[14Apr2025 22:19:45.746] [main/DEBUG] [net.minecraftforge.fml.loading.FMLPaths/CORE]: Path FMLCONFIG is /workspaces/server-god/servidor_minecraft/config/fml.toml
[14Apr2025 22:19:45.746] [main/DEBUG] [net.minecraftforge.fml.loading.FMLServiceProvider/CORE]: Loading configuration
[14Apr2025 22:19:45.749] [main/DEBUG] [net.minecraftforge.fml.loading.FMLServiceProvider/CORE]: Preparing ModFile
[14Apr2025 22:19:45.751] [main/DEBUG] [net.minecraftforge.fml.loading.FMLServiceProvider/CORE]: Preparing launch handler
[14Apr2025 22:19:45.752] [main/DEBUG] [net.minecraftforge.fml.loading.FMLLoader/CORE]: Using forgeserver as launch service
[14Apr2025 22:19:45.768] [main/DEBUG] [net.minecraftforge.fml.loading.FMLLoader/CORE]: Received command line version data  : VersionInfo[forgeVersion=47.3.7, mcVersion=1.20.1, mcpVersion=20230612.114412, forgeGroup=net.minecraftforge]
[14Apr2025 22:19:45.770] [main/DEBUG] [cpw.mods.modlauncher.TransformationServiceDecorator/MODLAUNCHER]: Initialized transformation service fml
[14Apr2025 22:19:45.771] [main/DEBUG] [cpw.mods.modlauncher.NameMappingServiceHandler/MODLAUNCHER]: Current naming domain is 'srg'
[14Apr2025 22:19:45.772] [main/DEBUG] [cpw.mods.modlauncher.NameMappingServiceHandler/MODLAUNCHER]: Identified name mapping providers {}
[14Apr2025 22:19:45.772] [main/DEBUG] [cpw.mods.modlauncher.TransformationServicesHandler/MODLAUNCHER]: Transformation services begin scanning
[14Apr2025 22:19:45.773] [main/DEBUG] [cpw.mods.modlauncher.TransformationServiceDecorator/MODLAUNCHER]: Beginning scan trigger - transformation service mixin
[14Apr2025 22:19:45.773] [main/DEBUG] [cpw.mods.modlauncher.TransformationServiceDecorator/MODLAUNCHER]: End scan trigger - transformation service mixin
[14Apr2025 22:19:45.774] [main/DEBUG] [cpw.mods.modlauncher.TransformationServiceDecorator/MODLAUNCHER]: Beginning scan trigger - transformation service fml
[14Apr2025 22:19:45.774] [main/DEBUG] [net.minecraftforge.fml.loading.FMLServiceProvider/CORE]: Initiating mod scan
[14Apr2025 22:19:45.787] [main/DEBUG] [net.minecraftforge.fml.loading.moddiscovery.ModListHandler/CORE]: Found mod coordinates from lists: []
[14Apr2025 22:19:45.790] [main/DEBUG] [net.minecraftforge.fml.loading.moddiscovery.ModDiscoverer/CORE]: Found Mod Locators : (mods folder:null),(maven libs:null),(exploded directory:null),(minecraft:null),(userdev classpath:null)
[14Apr2025 22:19:45.790] [main/DEBUG] [net.minecraftforge.fml.loading.moddiscovery.ModDiscoverer/CORE]: Found Dependency Locators : (JarInJar:null)
[14Apr2025 22:19:45.797] [main/DEBUG] [net.minecraftforge.fml.loading.moddiscovery.ModFileParser/LOADING]: Considering mod file candidate /workspaces/server-god/servidor_minecraft/mods/lucky-block-forge-1.20.1-13.0.jar
[14Apr2025 22:19:45.837] [main/DEBUG] [net.minecraftforge.fml.loading.moddiscovery.ModFileInfo/LOADING]: Found valid mod file lucky-block-forge-1.20.1-13.0.jar with {lucky} mods - versions {1.20.1-13.0}
[14Apr2025 22:19:45.972] [main/DEBUG] [net.minecraftforge.fml.loading.moddiscovery.ModFileInfo/LOADING]: Found valid mod file server-1.20.1-20230612.114412-srg.jar with {minecraft} mods - versions {1.20.1}
[14Apr2025 22:19:45.974] [main/DEBUG] [net.minecraftforge.fml.loading.moddiscovery.ModFileParser/LOADING]: Considering mod file candidate /workspaces/server-god/servidor_minecraft/libraries/net/minecraftforge/fmlcore/1.20.1-47.3.7/fmlcore-1.20.1-47.3.7.jar
[14Apr2025 22:19:45.974] [main/WARN] [net.minecraftforge.fml.loading.moddiscovery.ModFileParser/LOADING]: Mod file /workspaces/server-god/servidor_minecraft/libraries/net/minecraftforge/fmlcore/1.20.1-47.3.7/fmlcore-1.20.1-47.3.7.jar is missing mods.toml file
[14Apr2025 22:19:45.975] [main/DEBUG] [net.minecraftforge.fml.loading.moddiscovery.ModFileParser/LOADING]: Considering mod file candidate /workspaces/server-god/servidor_minecraft/libraries/net/minecraftforge/javafmllanguage/1.20.1-47.3.7/javafmllanguage-1.20.1-47.3.7.jar
[14Apr2025 22:19:45.975] [main/WARN] [net.minecraftforge.fml.loading.moddiscovery.ModFileParser/LOADING]: Mod file /workspaces/server-god/servidor_minecraft/libraries/net/minecraftforge/javafmllanguage/1.20.1-47.3.7/javafmllanguage-1.20.1-47.3.7.jar is missing mods.toml file
[14Apr2025 22:19:45.977] [main/DEBUG] [net.minecraftforge.fml.loading.moddiscovery.ModFileParser/LOADING]: Considering mod file candidate /workspaces/server-god/servidor_minecraft/libraries/net/minecraftforge/lowcodelanguage/1.20.1-47.3.7/lowcodelanguage-1.20.1-47.3.7.jar
[14Apr2025 22:19:45.977] [main/WARN] [net.minecraftforge.fml.loading.moddiscovery.ModFileParser/LOADING]: Mod file /workspaces/server-god/servidor_minecraft/libraries/net/minecraftforge/lowcodelanguage/1.20.1-47.3.7/lowcodelanguage-1.20.1-47.3.7.jar is missing mods.toml file
[14Apr2025 22:19:45.978] [main/DEBUG] [net.minecraftforge.fml.loading.moddiscovery.ModFileParser/LOADING]: Considering mod file candidate /workspaces/server-god/servidor_minecraft/libraries/net/minecraftforge/mclanguage/1.20.1-47.3.7/mclanguage-1.20.1-47.3.7.jar
[14Apr2025 22:19:45.979] [main/WARN] [net.minecraftforge.fml.loading.moddiscovery.ModFileParser/LOADING]: Mod file /workspaces/server-god/servidor_minecraft/libraries/net/minecraftforge/mclanguage/1.20.1-47.3.7/mclanguage-1.20.1-47.3.7.jar is missing mods.toml file
[14Apr2025 22:19:46.027] [main/DEBUG] [net.minecraftforge.fml.loading.moddiscovery.ModFileParser/LOADING]: Considering mod file candidate /workspaces/server-god/servidor_minecraft/libraries/net/minecraftforge/forge/1.20.1-47.3.7/forge-1.20.1-47.3.7-universal.jar
[14Apr2025 22:19:46.031] [main/DEBUG] [net.minecraftforge.fml.loading.moddiscovery.ModFileInfo/LOADING]: Found valid mod file forge-1.20.1-47.3.7-universal.jar with {forge} mods - versions {47.3.7}
[14Apr2025 22:19:46.042] [main/DEBUG] [net.minecraftforge.fml.loading.moddiscovery.AbstractJarFileDependencyLocator/]: Failed to load resource META-INF/jarjar/metadata.json from server-1.20.1-20230612.114412-srg.jar, it does not contain dependency information.
[14Apr2025 22:19:46.042] [main/DEBUG] [net.minecraftforge.fml.loading.moddiscovery.AbstractJarFileDependencyLocator/]: Failed to load resource META-INF/jarjar/metadata.json from lucky-block-forge-1.20.1-13.0.jar, it does not contain dependency information.
[14Apr2025 22:19:46.042] [main/DEBUG] [net.minecraftforge.fml.loading.moddiscovery.AbstractJarFileDependencyLocator/]: Failed to load resource META-INF/jarjar/metadata.json from forge-1.20.1-47.3.7-universal.jar, it does not contain dependency information.
[14Apr2025 22:19:46.043] [main/DEBUG] [net.minecraftforge.fml.loading.moddiscovery.AbstractJarFileDependencyLocator/]: Failed to load resource META-INF/jarjar/metadata.json from mclanguage-1.20.1-47.3.7.jar, it does not contain dependency information.
[14Apr2025 22:19:46.043] [main/DEBUG] [net.minecraftforge.fml.loading.moddiscovery.AbstractJarFileDependencyLocator/]: Failed to load resource META-INF/jarjar/metadata.json from javafmllanguage-1.20.1-47.3.7.jar, it does not contain dependency information.
[14Apr2025 22:19:46.043] [main/DEBUG] [net.minecraftforge.fml.loading.moddiscovery.AbstractJarFileDependencyLocator/]: Failed to load resource META-INF/jarjar/metadata.json from fmlcore-1.20.1-47.3.7.jar, it does not contain dependency information.
[14Apr2025 22:19:46.043] [main/DEBUG] [net.minecraftforge.fml.loading.moddiscovery.AbstractJarFileDependencyLocator/]: Failed to load resource META-INF/jarjar/metadata.json from lowcodelanguage-1.20.1-47.3.7.jar, it does not contain dependency information.
[14Apr2025 22:19:46.068] [main/INFO] [net.minecraftforge.fml.loading.moddiscovery.JarInJarDependencyLocator/]: No dependencies to load found. Skipping!
[14Apr2025 22:19:46.071] [main/DEBUG] [net.minecraftforge.fml.loading.moddiscovery.ModFileParser/LOADING]: Considering mod file candidate /workspaces/server-god/servidor_minecraft/mods/lucky-block-forge-1.20.1-13.0.jar
[14Apr2025 22:19:46.072] [main/DEBUG] [net.minecraftforge.fml.loading.moddiscovery.ModFileInfo/LOADING]: Found valid mod file lucky-block-forge-1.20.1-13.0.jar with {lucky} mods - versions {1.20.1-13.0}
[14Apr2025 22:19:46.077] [main/DEBUG] [net.minecraftforge.fml.loading.moddiscovery.ModFile/LOADING]: Loading mod file /workspaces/server-god/servidor_minecraft/mods/lucky-block-forge-1.20.1-13.0.jar with languages [LanguageSpec[languageName=javafml, acceptedVersions=[47,)]]
[14Apr2025 22:19:46.079] [main/DEBUG] [net.minecraftforge.fml.loading.moddiscovery.ModFileInfo/LOADING]: Found valid mod file server-1.20.1-20230612.114412-srg.jar with {minecraft} mods - versions {1.20.1}
[14Apr2025 22:19:46.079] [main/DEBUG] [net.minecraftforge.fml.loading.moddiscovery.ModFile/LOADING]: Loading mod file /workspaces/server-god/servidor_minecraft/libraries/net/minecraft/server/1.20.1-20230612.114412/server-1.20.1-20230612.114412-srg.jar with languages [LanguageSpec[languageName=minecraft, acceptedVersions=1]]
[14Apr2025 22:19:46.079] [main/DEBUG] [net.minecraftforge.fml.loading.moddiscovery.ModFileParser/LOADING]: Considering mod file candidate /workspaces/server-god/servidor_minecraft/libraries/net/minecraftforge/forge/1.20.1-47.3.7/forge-1.20.1-47.3.7-universal.jar
[14Apr2025 22:19:46.080] [main/DEBUG] [net.minecraftforge.fml.loading.moddiscovery.ModFileInfo/LOADING]: Found valid mod file forge-1.20.1-47.3.7-universal.jar with {forge} mods - versions {47.3.7}
[14Apr2025 22:19:46.080] [main/DEBUG] [net.minecraftforge.fml.loading.moddiscovery.ModFile/LOADING]: Loading mod file /workspaces/server-god/servidor_minecraft/libraries/net/minecraftforge/forge/1.20.1-47.3.7/forge-1.20.1-47.3.7-universal.jar with languages [LanguageSpec[languageName=javafml, acceptedVersions=[24,]]]
[14Apr2025 22:19:46.117] [main/DEBUG] [net.minecraftforge.fml.loading.moddiscovery.ModFileParser/LOADING]: Found coremod field_to_method with Javascript path coremods/field_to_method.js
[14Apr2025 22:19:46.117] [main/DEBUG] [net.minecraftforge.fml.loading.moddiscovery.ModFileParser/LOADING]: Found coremod field_to_instanceof with Javascript path coremods/field_to_instanceof.js
[14Apr2025 22:19:46.117] [main/DEBUG] [net.minecraftforge.fml.loading.moddiscovery.ModFileParser/LOADING]: Found coremod add_bouncer_method with Javascript path coremods/add_bouncer_method.js
[14Apr2025 22:19:46.117] [main/DEBUG] [net.minecraftforge.fml.loading.moddiscovery.ModFileParser/LOADING]: Found coremod method_redirector with Javascript path coremods/method_redirector.js
[14Apr2025 22:19:46.118] [main/DEBUG] [net.minecraftforge.fml.loading.moddiscovery.ModFile/LOADING]: Found coremod coremods/field_to_method.js
[14Apr2025 22:19:46.118] [main/DEBUG] [net.minecraftforge.fml.loading.moddiscovery.ModFile/LOADING]: Found coremod coremods/field_to_instanceof.js
[14Apr2025 22:19:46.118] [main/DEBUG] [net.minecraftforge.fml.loading.moddiscovery.ModFile/LOADING]: Found coremod coremods/add_bouncer_method.js
[14Apr2025 22:19:46.118] [main/DEBUG] [net.minecraftforge.fml.loading.moddiscovery.ModFile/LOADING]: Found coremod coremods/method_redirector.js
[14Apr2025 22:19:46.119] [main/DEBUG] [cpw.mods.modlauncher.TransformationServiceDecorator/MODLAUNCHER]: End scan trigger - transformation service fml
[14Apr2025 22:19:46.129] [main/DEBUG] [net.minecraftforge.fml.loading.LanguageLoadingProvider/CORE]: Found 3 language providers
[14Apr2025 22:19:46.130] [main/DEBUG] [net.minecraftforge.fml.loading.LanguageLoadingProvider/CORE]: Found language provider minecraft, version 1.0
[14Apr2025 22:19:46.131] [main/DEBUG] [net.minecraftforge.fml.loading.LanguageLoadingProvider/CORE]: Found language provider lowcodefml, version 47
[14Apr2025 22:19:46.131] [main/DEBUG] [net.minecraftforge.fml.loading.LanguageLoadingProvider/CORE]: Found language provider javafml, version 47
[14Apr2025 22:19:46.135] [main/DEBUG] [net.minecraftforge.fml.loading.ModSorter/]: Configured system mods: [minecraft, forge]
[14Apr2025 22:19:46.135] [main/DEBUG] [net.minecraftforge.fml.loading.ModSorter/]: Found system mod: minecraft
[14Apr2025 22:19:46.136] [main/DEBUG] [net.minecraftforge.fml.loading.ModSorter/]: Found system mod: forge
[14Apr2025 22:19:46.138] [main/DEBUG] [net.minecraftforge.fml.loading.ModSorter/LOADING]: Found 2 mod requirements (2 mandatory, 0 optional)
[14Apr2025 22:19:46.138] [main/DEBUG] [net.minecraftforge.fml.loading.ModSorter/LOADING]: Found 0 mod requirements missing (0 mandatory, 0 optional)
[14Apr2025 22:19:46.554] [main/DEBUG] [cpw.mods.modlauncher.TransformationServicesHandler/MODLAUNCHER]: Transformation services loading transformers
[14Apr2025 22:19:46.555] [main/DEBUG] [cpw.mods.modlauncher.TransformationServiceDecorator/MODLAUNCHER]: Initializing transformers for transformation service mixin
[14Apr2025 22:19:46.557] [main/DEBUG] [cpw.mods.modlauncher.TransformationServiceDecorator/MODLAUNCHER]: Initialized transformers for transformation service mixin
[14Apr2025 22:19:46.557] [main/DEBUG] [cpw.mods.modlauncher.TransformationServiceDecorator/MODLAUNCHER]: Initializing transformers for transformation service fml
[14Apr2025 22:19:46.557] [main/DEBUG] [net.minecraftforge.fml.loading.FMLServiceProvider/CORE]: Loading coremod transformers
[14Apr2025 22:19:46.558] [main/DEBUG] [net.minecraftforge.coremod.CoreModEngine/COREMOD]: Loading CoreMod from coremods/field_to_method.js
[14Apr2025 22:19:46.792] [main/DEBUG] [net.minecraftforge.coremod.CoreModEngine/COREMOD]: CoreMod loaded successfully
[14Apr2025 22:19:46.792] [main/DEBUG] [net.minecraftforge.coremod.CoreModEngine/COREMOD]: Loading CoreMod from coremods/field_to_instanceof.js
[14Apr2025 22:19:46.871] [main/DEBUG] [net.minecraftforge.coremod.CoreModEngine/COREMOD]: CoreMod loaded successfully
[14Apr2025 22:19:46.874] [main/DEBUG] [net.minecraftforge.coremod.CoreModEngine/COREMOD]: Loading CoreMod from coremods/add_bouncer_method.js
[14Apr2025 22:19:46.960] [main/DEBUG] [net.minecraftforge.coremod.CoreModEngine/COREMOD]: CoreMod loaded successfully
[14Apr2025 22:19:46.960] [main/DEBUG] [net.minecraftforge.coremod.CoreModEngine/COREMOD]: Loading CoreMod from coremods/method_redirector.js
[14Apr2025 22:19:47.086] [main/DEBUG] [net.minecraftforge.coremod.CoreModEngine/COREMOD]: CoreMod loaded successfully
[14Apr2025 22:19:47.103] [main/DEBUG] [cpw.mods.modlauncher.TransformStore/MODLAUNCHER]: Adding transformer net.minecraftforge.coremod.transformer.CoreModClassTransformer@7412ed6b to Target : CLASS {Lnet/minecraft/world/level/biome/Biome;} {} {V}
[14Apr2025 22:19:47.104] [main/DEBUG] [cpw.mods.modlauncher.TransformStore/MODLAUNCHER]: Adding transformer net.minecraftforge.coremod.transformer.CoreModClassTransformer@2b960a7 to Target : CLASS {Lnet/minecraft/world/level/levelgen/structure/Structure;} {} {V}
[14Apr2025 22:19:47.105] [main/DEBUG] [cpw.mods.modlauncher.TransformStore/MODLAUNCHER]: Adding transformer net.minecraftforge.coremod.transformer.CoreModClassTransformer@31dfc6f5 to Target : CLASS {Lnet/minecraft/world/effect/MobEffectInstance;} {} {V}
[14Apr2025 22:19:47.105] [main/DEBUG] [cpw.mods.modlauncher.TransformStore/MODLAUNCHER]: Adding transformer net.minecraftforge.coremod.transformer.CoreModClassTransformer@37b52340 to Target : CLASS {Lnet/minecraft/world/level/block/LiquidBlock;} {} {V}
[14Apr2025 22:19:47.105] [main/DEBUG] [cpw.mods.modlauncher.TransformStore/MODLAUNCHER]: Adding transformer net.minecraftforge.coremod.transformer.CoreModClassTransformer@663bb8ef to Target : CLASS {Lnet/minecraft/world/item/BucketItem;} {} {V}
[14Apr2025 22:19:47.106] [main/DEBUG] [cpw.mods.modlauncher.TransformStore/MODLAUNCHER]: Adding transformer net.minecraftforge.coremod.transformer.CoreModClassTransformer@2f4e40d7 to Target : CLASS {Lnet/minecraft/world/level/block/StairBlock;} {} {V}
[14Apr2025 22:19:47.106] [main/DEBUG] [cpw.mods.modlauncher.TransformStore/MODLAUNCHER]: Adding transformer net.minecraftforge.coremod.transformer.CoreModClassTransformer@60e9c3a5 to Target : CLASS {Lnet/minecraft/world/level/block/FlowerPotBlock;} {} {V}
[14Apr2025 22:19:47.106] [main/DEBUG] [cpw.mods.modlauncher.TransformStore/MODLAUNCHER]: Adding transformer net.minecraftforge.coremod.transformer.CoreModClassTransformer@7e5843db to Target : CLASS {Lnet/minecraft/world/item/ItemStack;} {} {V}
[14Apr2025 22:19:47.106] [main/DEBUG] [cpw.mods.modlauncher.TransformStore/MODLAUNCHER]: Adding transformer net.minecraftforge.coremod.transformer.CoreModClassTransformer@459f703f to Target : CLASS {Lnet/minecraft/network/play/client/CClientSettingsPacket;} {} {V}
[14Apr2025 22:19:47.106] [main/DEBUG] [cpw.mods.modlauncher.TransformStore/MODLAUNCHER]: Adding transformer net.minecraftforge.coremod.transformer.CoreModClassTransformer@188ac8a3 to Target : CLASS {Lnet/minecraft/world/entity/monster/Spider;} {} {V}
[14Apr2025 22:19:47.106] [main/DEBUG] [cpw.mods.modlauncher.TransformStore/MODLAUNCHER]: Adding transformer net.minecraftforge.coremod.transformer.CoreModClassTransformer@188ac8a3 to Target : CLASS {Lnet/minecraft/world/entity/animal/frog/Tadpole;} {} {V}
[14Apr2025 22:19:47.107] [main/DEBUG] [cpw.mods.modlauncher.TransformStore/MODLAUNCHER]: Adding transformer net.minecraftforge.coremod.transformer.CoreModClassTransformer@188ac8a3 to Target : CLASS {Lnet/minecraft/world/entity/npc/CatSpawner;} {} {V}
[14Apr2025 22:19:47.107] [main/DEBUG] [cpw.mods.modlauncher.TransformStore/MODLAUNCHER]: Adding transformer net.minecraftforge.coremod.transformer.CoreModClassTransformer@188ac8a3 to Target : CLASS {Lnet/minecraft/world/entity/npc/Villager;} {} {V}
[14Apr2025 22:19:47.108] [main/DEBUG] [cpw.mods.modlauncher.TransformStore/MODLAUNCHER]: Adding transformer net.minecraftforge.coremod.transformer.CoreModClassTransformer@188ac8a3 to Target : CLASS {Lnet/minecraft/world/level/levelgen/structure/templatesystem/StructureTemplate;} {} {V}
[14Apr2025 22:19:47.108] [main/DEBUG] [cpw.mods.modlauncher.TransformStore/MODLAUNCHER]: Adding transformer net.minecraftforge.coremod.transformer.CoreModClassTransformer@188ac8a3 to Target : CLASS {Lnet/minecraft/world/level/levelgen/structure/structures/SwampHutPiece;} {} {V}
[14Apr2025 22:19:47.108] [main/DEBUG] [cpw.mods.modlauncher.TransformStore/MODLAUNCHER]: Adding transformer net.minecraftforge.coremod.transformer.CoreModClassTransformer@188ac8a3 to Target : CLASS {Lnet/minecraft/server/commands/RaidCommand;} {} {V}
[14Apr2025 22:19:47.108] [main/DEBUG] [cpw.mods.modlauncher.TransformStore/MODLAUNCHER]: Adding transformer net.minecraftforge.coremod.transformer.CoreModClassTransformer@188ac8a3 to Target : CLASS {Lnet/minecraft/world/entity/raid/Raid;} {} {V}
[14Apr2025 22:19:47.108] [main/DEBUG] [cpw.mods.modlauncher.TransformStore/MODLAUNCHER]: Adding transformer net.minecraftforge.coremod.transformer.CoreModClassTransformer@188ac8a3 to Target : CLASS {Lnet/minecraft/world/level/NaturalSpawner;} {} {V}
[14Apr2025 22:19:47.108] [main/DEBUG] [cpw.mods.modlauncher.TransformStore/MODLAUNCHER]: Adding transformer net.minecraftforge.coremod.transformer.CoreModClassTransformer@188ac8a3 to Target : CLASS {Lnet/minecraft/world/level/levelgen/structure/structures/WoodlandMansionPieces$WoodlandMansionPiece;} {} {V}
[14Apr2025 22:19:47.108] [main/DEBUG] [cpw.mods.modlauncher.TransformStore/MODLAUNCHER]: Adding transformer net.minecraftforge.coremod.transformer.CoreModClassTransformer@188ac8a3 to Target : CLASS {Lnet/minecraft/world/level/levelgen/PatrolSpawner;} {} {V}
[14Apr2025 22:19:47.108] [main/DEBUG] [cpw.mods.modlauncher.TransformStore/MODLAUNCHER]: Adding transformer net.minecraftforge.coremod.transformer.CoreModClassTransformer@188ac8a3 to Target : CLASS {Lnet/minecraft/world/level/levelgen/PhantomSpawner;} {} {V}
[14Apr2025 22:19:47.109] [main/DEBUG] [cpw.mods.modlauncher.TransformStore/MODLAUNCHER]: Adding transformer net.minecraftforge.coremod.transformer.CoreModClassTransformer@188ac8a3 to Target : CLASS {Lnet/minecraft/world/entity/animal/horse/SkeletonTrapGoal;} {} {V}
[14Apr2025 22:19:47.109] [main/DEBUG] [cpw.mods.modlauncher.TransformStore/MODLAUNCHER]: Adding transformer net.minecraftforge.coremod.transformer.CoreModClassTransformer@188ac8a3 to Target : CLASS {Lnet/minecraft/world/entity/monster/Strider;} {} {V}
[14Apr2025 22:19:47.109] [main/DEBUG] [cpw.mods.modlauncher.TransformStore/MODLAUNCHER]: Adding transformer net.minecraftforge.coremod.transformer.CoreModClassTransformer@188ac8a3 to Target : CLASS {Lnet/minecraft/world/entity/ai/village/VillageSiege;} {} {V}
[14Apr2025 22:19:47.109] [main/DEBUG] [cpw.mods.modlauncher.TransformStore/MODLAUNCHER]: Adding transformer net.minecraftforge.coremod.transformer.CoreModClassTransformer@188ac8a3 to Target : CLASS {Lnet/minecraft/world/entity/monster/Evoker$EvokerSummonSpellGoal;} {} {V}
[14Apr2025 22:19:47.110] [main/DEBUG] [cpw.mods.modlauncher.TransformStore/MODLAUNCHER]: Adding transformer net.minecraftforge.coremod.transformer.CoreModClassTransformer@188ac8a3 to Target : CLASS {Lnet/minecraft/world/level/levelgen/structure/structures/OceanMonumentPieces$OceanMonumentPiece;} {} {V}
[14Apr2025 22:19:47.110] [main/DEBUG] [cpw.mods.modlauncher.TransformStore/MODLAUNCHER]: Adding transformer net.minecraftforge.coremod.transformer.CoreModClassTransformer@188ac8a3 to Target : CLASS {Lnet/minecraft/world/entity/monster/ZombieVillager;} {} {V}
[14Apr2025 22:19:47.110] [main/DEBUG] [cpw.mods.modlauncher.TransformStore/MODLAUNCHER]: Adding transformer net.minecraftforge.coremod.transformer.CoreModClassTransformer@188ac8a3 to Target : CLASS {Lnet/minecraft/server/commands/SummonCommand;} {} {V}
[14Apr2025 22:19:47.110] [main/DEBUG] [cpw.mods.modlauncher.TransformStore/MODLAUNCHER]: Adding transformer net.minecraftforge.coremod.transformer.CoreModClassTransformer@188ac8a3 to Target : CLASS {Lnet/minecraft/world/entity/EntityType;} {} {V}
[14Apr2025 22:19:47.110] [main/DEBUG] [cpw.mods.modlauncher.TransformStore/MODLAUNCHER]: Adding transformer net.minecraftforge.coremod.transformer.CoreModClassTransformer@188ac8a3 to Target : CLASS {Lnet/minecraft/world/level/levelgen/structure/structures/OceanRuinPieces$OceanRuinPiece;} {} {V}
[14Apr2025 22:19:47.111] [main/DEBUG] [cpw.mods.modlauncher.TransformStore/MODLAUNCHER]: Adding transformer net.minecraftforge.coremod.transformer.CoreModClassTransformer@188ac8a3 to Target : CLASS {Lnet/minecraft/world/entity/monster/Zombie;} {} {V}
[14Apr2025 22:19:47.111] [main/DEBUG] [cpw.mods.modlauncher.TransformationServiceDecorator/MODLAUNCHER]: Initialized transformers for transformation service fml
[14Apr2025 22:19:47.499] [main/DEBUG] [mixin/]: Processing prepare() for PlatformAgent[MixinPlatformAgentDefault:ModLauncher Root Container(ModLauncher:4f56a0a2)]
[14Apr2025 22:19:47.500] [main/DEBUG] [mixin/]: Processing launch tasks for PlatformAgent[MixinPlatformAgentDefault:ModLauncher Root Container(ModLauncher:4f56a0a2)]
[14Apr2025 22:19:47.500] [main/DEBUG] [mixin/]: Adding mixin platform agents for container SecureJarResource(minecraft)
[14Apr2025 22:19:47.500] [main/DEBUG] [mixin/]: Instancing new MixinPlatformAgentMinecraftForge for SecureJarResource(minecraft)
[14Apr2025 22:19:47.500] [main/DEBUG] [mixin/]: MixinPlatformAgentMinecraftForge rejected container SecureJarResource(minecraft)
[14Apr2025 22:19:47.501] [main/DEBUG] [mixin/]: Instancing new MixinPlatformAgentDefault for SecureJarResource(minecraft)
[14Apr2025 22:19:47.501] [main/DEBUG] [mixin/]: MixinPlatformAgentDefault accepted container SecureJarResource(minecraft)
[14Apr2025 22:19:47.501] [main/DEBUG] [mixin/]: Processing prepare() for PlatformAgent[MixinPlatformAgentDefault:SecureJarResource(minecraft)]
[14Apr2025 22:19:47.502] [main/DEBUG] [mixin/]: Adding mixin platform agents for container SecureJarResource(lucky)
[14Apr2025 22:19:47.502] [main/DEBUG] [mixin/]: Instancing new MixinPlatformAgentMinecraftForge for SecureJarResource(lucky)
[14Apr2025 22:19:47.503] [main/DEBUG] [mixin/]: MixinPlatformAgentMinecraftForge rejected container SecureJarResource(lucky)
[14Apr2025 22:19:47.503] [main/DEBUG] [mixin/]: Instancing new MixinPlatformAgentDefault for SecureJarResource(lucky)
[14Apr2025 22:19:47.504] [main/DEBUG] [mixin/]: MixinPlatformAgentDefault accepted container SecureJarResource(lucky)
[14Apr2025 22:19:47.504] [main/DEBUG] [mixin/]: Processing prepare() for PlatformAgent[MixinPlatformAgentDefault:SecureJarResource(lucky)]
[14Apr2025 22:19:47.504] [main/DEBUG] [mixin/]: Adding mixin platform agents for container SecureJarResource(forge)
[14Apr2025 22:19:47.507] [main/DEBUG] [mixin/]: Instancing new MixinPlatformAgentMinecraftForge for SecureJarResource(forge)
[14Apr2025 22:19:47.507] [main/DEBUG] [mixin/]: MixinPlatformAgentMinecraftForge rejected container SecureJarResource(forge)
[14Apr2025 22:19:47.507] [main/DEBUG] [mixin/]: Instancing new MixinPlatformAgentDefault for SecureJarResource(forge)
[14Apr2025 22:19:47.507] [main/DEBUG] [mixin/]: MixinPlatformAgentDefault accepted container SecureJarResource(forge)
[14Apr2025 22:19:47.507] [main/DEBUG] [mixin/]: Processing prepare() for PlatformAgent[MixinPlatformAgentDefault:SecureJarResource(forge)]
[14Apr2025 22:19:47.508] [main/DEBUG] [mixin/]: inject() running with 4 agents
[14Apr2025 22:19:47.508] [main/DEBUG] [mixin/]: Processing inject() for PlatformAgent[MixinPlatformAgentDefault:ModLauncher Root Container(ModLauncher:4f56a0a2)]
[14Apr2025 22:19:47.508] [main/DEBUG] [mixin/]: Processing inject() for PlatformAgent[MixinPlatformAgentDefault:SecureJarResource(minecraft)]
[14Apr2025 22:19:47.508] [main/DEBUG] [mixin/]: Processing inject() for PlatformAgent[MixinPlatformAgentDefault:SecureJarResource(lucky)]
[14Apr2025 22:19:47.508] [main/DEBUG] [mixin/]: Processing inject() for PlatformAgent[MixinPlatformAgentDefault:SecureJarResource(forge)]
[14Apr2025 22:19:47.509] [main/INFO] [cpw.mods.modlauncher.LaunchServiceHandler/MODLAUNCHER]: Launching target 'forgeserver' with arguments [nogui]
[14Apr2025 22:19:47.547] [main/DEBUG] [mixin/]: Error cleaning class output directory: .mixin.out
[14Apr2025 22:19:47.548] [main/DEBUG] [mixin/]: Preparing mixins for MixinEnvironment[DEFAULT]
[14Apr2025 22:19:47.636] [main/DEBUG] [io.netty.util.internal.logging.InternalLoggerFactory/]: Using SLF4J as the default logging framework
[14Apr2025 22:19:47.638] [main/DEBUG] [io.netty.util.ResourceLeakDetector/]: -Dio.netty.leakDetection.level: simple
[14Apr2025 22:19:47.639] [main/DEBUG] [io.netty.util.ResourceLeakDetector/]: -Dio.netty.leakDetection.targetRecords: 4
[14Apr2025 22:19:47.845] [main/DEBUG] [oshi.util.FileUtil/]: No oshi.properties file found from ClassLoader cpw.mods.modlauncher.TransformingClassLoader@c2584d3
[14Apr2025 22:19:47.847] [main/DEBUG] [oshi.util.FileUtil/]: No oshi.properties file found from ClassLoader jdk.internal.loader.ClassLoaders$AppClassLoader@76ed5528
[14Apr2025 22:19:47.898] [main/DEBUG] [oshi.util.FileUtil/]: Reading file /proc/self/auxv
[14Apr2025 22:19:47.899] [main/DEBUG] [oshi.util.FileUtil/]: Reading file /proc/self/auxv
[14Apr2025 22:19:47.906] [main/DEBUG] [oshi.util.FileUtil/]: Reading file /proc/stat
[14Apr2025 22:19:47.914] [main/DEBUG] [oshi.util.FileUtil/]: Reading file /sys/devices/system/cpu/cpu0/topology/core_id
[14Apr2025 22:19:47.914] [main/DEBUG] [oshi.util.FileUtil/]: Reading file /sys/devices/system/cpu/cpu0/topology/core_id
[14Apr2025 22:19:47.915] [main/DEBUG] [oshi.util.FileUtil/]: Reading file /sys/devices/system/cpu/cpu0/topology/physical_package_id
[14Apr2025 22:19:47.916] [main/DEBUG] [oshi.util.FileUtil/]: Reading file /sys/devices/system/cpu/cpu0/topology/physical_package_id
[14Apr2025 22:19:47.916] [main/DEBUG] [oshi.util.FileUtil/]: Reading file /sys/devices/system/cpu/cpu0/cpu_capacity
[14Apr2025 22:19:47.918] [main/DEBUG] [oshi.util.FileUtil/]: Reading file /sys/devices/system/cpu/cpu1/topology/core_id
[14Apr2025 22:19:47.918] [main/DEBUG] [oshi.util.FileUtil/]: Reading file /sys/devices/system/cpu/cpu1/topology/core_id
[14Apr2025 22:19:47.919] [main/DEBUG] [oshi.util.FileUtil/]: Reading file /sys/devices/system/cpu/cpu1/topology/physical_package_id
[14Apr2025 22:19:47.920] [main/DEBUG] [oshi.util.FileUtil/]: Reading file /sys/devices/system/cpu/cpu1/topology/physical_package_id
[14Apr2025 22:19:47.920] [main/DEBUG] [oshi.util.FileUtil/]: Reading file /sys/devices/system/cpu/cpu1/cpu_capacity
[14Apr2025 22:19:47.921] [main/DEBUG] [oshi.util.FileUtil/]: Reading file /sys/devices/system/cpu/cpu2/topology/core_id
[14Apr2025 22:19:47.921] [main/DEBUG] [oshi.util.FileUtil/]: Reading file /sys/devices/system/cpu/cpu2/topology/core_id
[14Apr2025 22:19:47.921] [main/DEBUG] [oshi.util.FileUtil/]: Reading file /sys/devices/system/cpu/cpu2/topology/physical_package_id
[14Apr2025 22:19:47.922] [main/DEBUG] [oshi.util.FileUtil/]: Reading file /sys/devices/system/cpu/cpu2/topology/physical_package_id
[14Apr2025 22:19:47.922] [main/DEBUG] [oshi.util.FileUtil/]: Reading file /sys/devices/system/cpu/cpu2/cpu_capacity
[14Apr2025 22:19:47.922] [main/DEBUG] [oshi.util.FileUtil/]: Reading file /sys/devices/system/cpu/cpu3/topology/core_id
[14Apr2025 22:19:47.922] [main/DEBUG] [oshi.util.FileUtil/]: Reading file /sys/devices/system/cpu/cpu3/topology/core_id
[14Apr2025 22:19:47.922] [main/DEBUG] [oshi.util.FileUtil/]: Reading file /sys/devices/system/cpu/cpu3/topology/physical_package_id
[14Apr2025 22:19:47.923] [main/DEBUG] [oshi.util.FileUtil/]: Reading file /sys/devices/system/cpu/cpu3/topology/physical_package_id
[14Apr2025 22:19:47.924] [main/DEBUG] [oshi.util.FileUtil/]: Reading file /sys/devices/system/cpu/cpu3/cpu_capacity
[14Apr2025 22:19:47.926] [main/DEBUG] [oshi.util.FileUtil/]: Reading file /proc/cpuinfo
[14Apr2025 22:19:47.936] [main/DEBUG] [oshi.util.FileUtil/]: Reading file /proc/self/auxv
[14Apr2025 22:19:47.938] [main/DEBUG] [oshi.util.FileUtil/]: No oshi.architecture.properties file found from ClassLoader cpw.mods.modlauncher.TransformingClassLoader@c2584d3
[14Apr2025 22:19:47.940] [main/DEBUG] [oshi.util.FileUtil/]: No oshi.architecture.properties file found from ClassLoader jdk.internal.loader.ClassLoaders$AppClassLoader@76ed5528
[14Apr2025 22:19:47.955] [main/DEBUG] [oshi.util.FileUtil/]: Reading file /proc/meminfo
[14Apr2025 22:19:47.956] [main/DEBUG] [oshi.util.FileUtil/]: Reading file /proc/meminfo
[14Apr2025 22:19:48.252] [main/DEBUG] [net.minecraftforge.coremod.transformer.CoreModBaseTransformer/COREMOD]: Transforming net/minecraft/world/entity/EntityType
[14Apr2025 22:19:48.720] [main/DEBUG] [net.minecraftforge.coremod.transformer.CoreModBaseTransformer/COREMOD]: Transforming net/minecraft/world/level/block/LiquidBlock
[14Apr2025 22:19:48.760] [main/DEBUG] [net.minecraftforge.coremod.transformer.CoreModBaseTransformer/COREMOD]: Transforming net/minecraft/world/level/block/StairBlock
[14Apr2025 22:19:48.834] [main/DEBUG] [net.minecraftforge.coremod.transformer.CoreModBaseTransformer/COREMOD]: Transforming net/minecraft/world/level/block/FlowerPotBlock
[14Apr2025 22:19:49.723] [main/DEBUG] [net.minecraftforge.coremod.transformer.CoreModBaseTransformer/COREMOD]: Transforming net/minecraft/world/item/ItemStack
[14Apr2025 22:19:50.370] [main/DEBUG] [net.minecraftforge.coremod.transformer.CoreModBaseTransformer/COREMOD]: Transforming net/minecraft/world/entity/animal/frog/Tadpole
[14Apr2025 22:19:50.433] [main/DEBUG] [net.minecraftforge.coremod.transformer.CoreModBaseTransformer/COREMOD]: Transforming net/minecraft/world/item/BucketItem
[14Apr2025 22:19:51.235] [main/DEBUG] [net.minecraftforge.coremod.transformer.CoreModBaseTransformer/COREMOD]: Transforming net/minecraft/world/entity/monster/Spider
[14Apr2025 22:19:51.291] [main/DEBUG] [net.minecraftforge.coremod.transformer.CoreModBaseTransformer/COREMOD]: Transforming net/minecraft/world/entity/monster/Zombie
[14Apr2025 22:19:51.360] [main/DEBUG] [net.minecraftforge.coremod.transformer.CoreModBaseTransformer/COREMOD]: Transforming net/minecraft/world/entity/monster/ZombieVillager
[14Apr2025 22:19:51.430] [main/DEBUG] [net.minecraftforge.coremod.transformer.CoreModBaseTransformer/COREMOD]: Transforming net/minecraft/world/entity/monster/Evoker$EvokerSummonSpellGoal
[14Apr2025 22:19:51.531] [main/DEBUG] [net.minecraftforge.coremod.transformer.CoreModBaseTransformer/COREMOD]: Transforming net/minecraft/world/entity/animal/horse/SkeletonTrapGoal
[14Apr2025 22:19:51.552] [main/DEBUG] [net.minecraftforge.coremod.transformer.CoreModBaseTransformer/COREMOD]: Transforming net/minecraft/world/entity/monster/Strider
[14Apr2025 22:19:51.665] [main/DEBUG] [net.minecraftforge.coremod.transformer.CoreModBaseTransformer/COREMOD]: Transforming net/minecraft/world/entity/npc/Villager
[14Apr2025 22:19:51.790] [main/DEBUG] [net.minecraftforge.coremod.transformer.CoreModBaseTransformer/COREMOD]: Transforming net/minecraft/world/effect/MobEffectInstance
[14Apr2025 22:19:52.346] [main/DEBUG] [net.minecraftforge.coremod.transformer.CoreModBaseTransformer/COREMOD]: Transforming net/minecraft/world/level/levelgen/structure/Structure
[14Apr2025 22:19:52.379] [main/DEBUG] [net.minecraftforge.coremod.transformer.CoreModBaseTransformer/COREMOD]: Transforming net/minecraft/world/level/levelgen/structure/structures/OceanRuinPieces$OceanRuinPiece
[14Apr2025 22:19:52.395] [main/DEBUG] [net.minecraftforge.coremod.transformer.CoreModBaseTransformer/COREMOD]: Transforming net/minecraft/world/level/levelgen/structure/structures/SwampHutPiece
[14Apr2025 22:19:52.411] [main/DEBUG] [net.minecraftforge.coremod.transformer.CoreModBaseTransformer/COREMOD]: Transforming net/minecraft/world/level/levelgen/structure/structures/OceanMonumentPieces$OceanMonumentPiece
[14Apr2025 22:19:52.437] [main/DEBUG] [net.minecraftforge.coremod.transformer.CoreModBaseTransformer/COREMOD]: Transforming net/minecraft/world/level/levelgen/structure/structures/WoodlandMansionPieces$WoodlandMansionPiece
[14Apr2025 22:19:52.538] [main/DEBUG] [net.minecraftforge.coremod.transformer.CoreModBaseTransformer/COREMOD]: Transforming net/minecraft/world/level/biome/Biome
[14Apr2025 22:19:52.782] [main/DEBUG] [net.minecraftforge.common.ForgeI18n/CORE]: Loading I18N data entries: 6430
[14Apr2025 22:19:52.797] [main/DEBUG] [net.minecraftforge.fml.ModWorkManager/LOADING]: Using 4 threads for parallel mod-loading
[14Apr2025 22:19:52.803] [main/DEBUG] [net.minecraftforge.fml.javafmlmod.FMLJavaModLanguageProvider/LOADING]: Loading FMLModContainer from classloader cpw.mods.modlauncher.TransformingClassLoader@c2584d3 - got cpw.mods.cl.ModuleClassLoader@1654a892
[14Apr2025 22:19:52.803] [main/DEBUG] [net.minecraftforge.fml.javafmlmod.FMLModContainer/LOADING]: Creating FMLModContainer instance for mod.lucky.forge.ForgeMod
[14Apr2025 22:19:52.809] [main/DEBUG] [net.minecraftforge.fml.javafmlmod.FMLJavaModLanguageProvider/LOADING]: Loading FMLModContainer from classloader cpw.mods.modlauncher.TransformingClassLoader@c2584d3 - got cpw.mods.cl.ModuleClassLoader@1654a892
[14Apr2025 22:19:52.809] [main/DEBUG] [net.minecraftforge.fml.javafmlmod.FMLModContainer/LOADING]: Creating FMLModContainer instance for net.minecraftforge.common.ForgeMod
[14Apr2025 22:19:52.934] [modloading-worker-0/DEBUG] [net.minecraftforge.versions.forge.ForgeVersion/CORE]: Forge Version package package net.minecraftforge.versions.forge, Forge, version 47.3 from cpw.mods.modlauncher.TransformingClassLoader@c2584d3
[14Apr2025 22:19:52.935] [modloading-worker-0/DEBUG] [net.minecraftforge.versions.forge.ForgeVersion/CORE]: Found Forge version 47.3.7
[14Apr2025 22:19:52.935] [modloading-worker-0/DEBUG] [net.minecraftforge.versions.forge.ForgeVersion/CORE]: Found Forge spec 47.3
[14Apr2025 22:19:52.935] [modloading-worker-0/DEBUG] [net.minecraftforge.versions.forge.ForgeVersion/CORE]: Found Forge group net.minecraftforge
[14Apr2025 22:19:52.935] [modloading-worker-0/DEBUG] [net.minecraftforge.versions.mcp.MCPVersion/CORE]: MCP Version package package net.minecraftforge.versions.mcp, Minecraft, version 1.20.1 from cpw.mods.modlauncher.TransformingClassLoader@c2584d3
[14Apr2025 22:19:52.936] [modloading-worker-0/DEBUG] [net.minecraftforge.versions.mcp.MCPVersion/CORE]: Found MC version information 1.20.1
[14Apr2025 22:19:52.936] [modloading-worker-0/DEBUG] [net.minecraftforge.versions.mcp.MCPVersion/CORE]: Found MCP version information 20230612.114412
[14Apr2025 22:19:52.943] [modloading-worker-0/INFO] [net.minecraftforge.common.ForgeMod/FORGEMOD]: Forge mod loading, version 47.3.7, for MC 1.20.1 with MCP 20230612.114412
[14Apr2025 22:19:52.945] [modloading-worker-0/INFO] [net.minecraftforge.common.MinecraftForge/FORGE]: MinecraftForge v47.3.7 Initialized
[14Apr2025 22:19:53.063] [modloading-worker-0/DEBUG] [io.netty.util.internal.PlatformDependent0/]: -Dio.netty.noUnsafe: false
[14Apr2025 22:19:53.063] [modloading-worker-0/DEBUG] [io.netty.util.internal.PlatformDependent0/]: Java version: 17
[14Apr2025 22:19:53.064] [modloading-worker-0/DEBUG] [io.netty.util.internal.PlatformDependent0/]: sun.misc.Unsafe.theUnsafe: available
[14Apr2025 22:19:53.064] [modloading-worker-0/DEBUG] [io.netty.util.internal.PlatformDependent0/]: sun.misc.Unsafe.copyMemory: available
[14Apr2025 22:19:53.065] [modloading-worker-0/DEBUG] [io.netty.util.internal.PlatformDependent0/]: sun.misc.Unsafe.storeFence: available
[14Apr2025 22:19:53.065] [modloading-worker-0/DEBUG] [io.netty.util.internal.PlatformDependent0/]: java.nio.Buffer.address: available
[14Apr2025 22:19:53.066] [modloading-worker-0/DEBUG] [io.netty.util.internal.PlatformDependent0/]: direct buffer constructor: unavailable
java.lang.UnsupportedOperationException: Reflective setAccessible(true) disabled
	at io.netty.util.internal.ReflectionUtil.trySetAccessible(ReflectionUtil.java:31) ~[netty-common-4.1.82.Final.jar%2382!/:4.1.82.Final]
	at io.netty.util.internal.PlatformDependent0$5.run(PlatformDependent0.java:288) ~[netty-common-4.1.82.Final.jar%2382!/:4.1.82.Final]
	at java.security.AccessController.doPrivileged(AccessController.java:318) ~[?:?]
	at io.netty.util.internal.PlatformDependent0.<clinit>(PlatformDependent0.java:282) ~[netty-common-4.1.82.Final.jar%2382!/:4.1.82.Final]
	at io.netty.util.internal.PlatformDependent.isAndroid(PlatformDependent.java:333) ~[netty-common-4.1.82.Final.jar%2382!/:4.1.82.Final]
	at io.netty.util.internal.PlatformDependent.<clinit>(PlatformDependent.java:88) ~[netty-common-4.1.82.Final.jar%2382!/:4.1.82.Final]
	at io.netty.util.ConstantPool.<init>(ConstantPool.java:34) ~[netty-common-4.1.82.Final.jar%2382!/:4.1.82.Final]
	at io.netty.util.AttributeKey$1.<init>(AttributeKey.java:27) ~[netty-common-4.1.82.Final.jar%2382!/:4.1.82.Final]
	at io.netty.util.AttributeKey.<clinit>(AttributeKey.java:27) ~[netty-common-4.1.82.Final.jar%2382!/:4.1.82.Final]
	at net.minecraftforge.network.NetworkConstants.<clinit>(NetworkConstants.java:34) ~[forge-1.20.1-47.3.7-universal.jar%23108!/:?]
	at net.minecraftforge.common.ForgeMod.<init>(ForgeMod.java:429) ~[forge-1.20.1-47.3.7-universal.jar%23108!/:?]
	at jdk.internal.reflect.NativeConstructorAccessorImpl.newInstance0(Native Method) ~[?:?]
	at jdk.internal.reflect.NativeConstructorAccessorImpl.newInstance(NativeConstructorAccessorImpl.java:77) ~[?:?]
	at jdk.internal.reflect.DelegatingConstructorAccessorImpl.newInstance(DelegatingConstructorAccessorImpl.java:45) ~[?:?]
	at java.lang.reflect.Constructor.newInstanceWithCaller(Constructor.java:500) ~[?:?]
	at java.lang.reflect.Constructor.newInstance(Constructor.java:481) ~[?:?]
	at net.minecraftforge.fml.javafmlmod.FMLModContainer.constructMod(FMLModContainer.java:70) ~[javafmllanguage-1.20.1-47.3.7.jar%23105!/:?]
	at net.minecraftforge.fml.ModContainer.lambda$buildTransitionHandler$4(ModContainer.java:124) ~[fmlcore-1.20.1-47.3.7.jar%23104!/:?]
	at java.util.concurrent.CompletableFuture$AsyncRun.run(CompletableFuture.java:1804) ~[?:?]
	at java.util.concurrent.CompletableFuture$AsyncRun.exec(CompletableFuture.java:1796) ~[?:?]
	at java.util.concurrent.ForkJoinTask.doExec(ForkJoinTask.java:373) ~[?:?]
	at java.util.concurrent.ForkJoinPool$WorkQueue.topLevelExec(ForkJoinPool.java:1182) ~[?:?]
	at java.util.concurrent.ForkJoinPool.scan(ForkJoinPool.java:1655) ~[?:?]
	at java.util.concurrent.ForkJoinPool.runWorker(ForkJoinPool.java:1622) ~[?:?]
	at java.util.concurrent.ForkJoinWorkerThread.run(ForkJoinWorkerThread.java:165) ~[?:?]
[14Apr2025 22:19:53.067] [modloading-worker-0/DEBUG] [io.netty.util.internal.PlatformDependent0/]: java.nio.Bits.unaligned: available, true
[14Apr2025 22:19:53.069] [modloading-worker-0/DEBUG] [io.netty.util.internal.PlatformDependent0/]: jdk.internal.misc.Unsafe.allocateUninitializedArray(int): unavailable
java.lang.IllegalAccessException: class io.netty.util.internal.PlatformDependent0$7 (in module io.netty.common) cannot access class jdk.internal.misc.Unsafe (in module java.base) because module java.base does not export jdk.internal.misc to module io.netty.common
	at jdk.internal.reflect.Reflection.newIllegalAccessException(Reflection.java:392) ~[?:?]
	at java.lang.reflect.AccessibleObject.checkAccess(AccessibleObject.java:674) ~[?:?]
	at java.lang.reflect.Method.invoke(Method.java:561) ~[?:?]
	at io.netty.util.internal.PlatformDependent0$7.run(PlatformDependent0.java:410) ~[netty-common-4.1.82.Final.jar%2382!/:4.1.82.Final]
	at java.security.AccessController.doPrivileged(AccessController.java:318) ~[?:?]
	at io.netty.util.internal.PlatformDependent0.<clinit>(PlatformDependent0.java:401) ~[netty-common-4.1.82.Final.jar%2382!/:4.1.82.Final]
	at io.netty.util.internal.PlatformDependent.isAndroid(PlatformDependent.java:333) ~[netty-common-4.1.82.Final.jar%2382!/:4.1.82.Final]
	at io.netty.util.internal.PlatformDependent.<clinit>(PlatformDependent.java:88) ~[netty-common-4.1.82.Final.jar%2382!/:4.1.82.Final]
	at io.netty.util.ConstantPool.<init>(ConstantPool.java:34) ~[netty-common-4.1.82.Final.jar%2382!/:4.1.82.Final]
	at io.netty.util.AttributeKey$1.<init>(AttributeKey.java:27) ~[netty-common-4.1.82.Final.jar%2382!/:4.1.82.Final]
	at io.netty.util.AttributeKey.<clinit>(AttributeKey.java:27) ~[netty-common-4.1.82.Final.jar%2382!/:4.1.82.Final]
	at net.minecraftforge.network.NetworkConstants.<clinit>(NetworkConstants.java:34) ~[forge-1.20.1-47.3.7-universal.jar%23108!/:?]
	at net.minecraftforge.common.ForgeMod.<init>(ForgeMod.java:429) ~[forge-1.20.1-47.3.7-universal.jar%23108!/:?]
	at jdk.internal.reflect.NativeConstructorAccessorImpl.newInstance0(Native Method) ~[?:?]
	at jdk.internal.reflect.NativeConstructorAccessorImpl.newInstance(NativeConstructorAccessorImpl.java:77) ~[?:?]
	at jdk.internal.reflect.DelegatingConstructorAccessorImpl.newInstance(DelegatingConstructorAccessorImpl.java:45) ~[?:?]
	at java.lang.reflect.Constructor.newInstanceWithCaller(Constructor.java:500) ~[?:?]
	at java.lang.reflect.Constructor.newInstance(Constructor.java:481) ~[?:?]
	at net.minecraftforge.fml.javafmlmod.FMLModContainer.constructMod(FMLModContainer.java:70) ~[javafmllanguage-1.20.1-47.3.7.jar%23105!/:?]
	at net.minecraftforge.fml.ModContainer.lambda$buildTransitionHandler$4(ModContainer.java:124) ~[fmlcore-1.20.1-47.3.7.jar%23104!/:?]
	at java.util.concurrent.CompletableFuture$AsyncRun.run(CompletableFuture.java:1804) ~[?:?]
	at java.util.concurrent.CompletableFuture$AsyncRun.exec(CompletableFuture.java:1796) ~[?:?]
	at java.util.concurrent.ForkJoinTask.doExec(ForkJoinTask.java:373) ~[?:?]
	at java.util.concurrent.ForkJoinPool$WorkQueue.topLevelExec(ForkJoinPool.java:1182) ~[?:?]
	at java.util.concurrent.ForkJoinPool.scan(ForkJoinPool.java:1655) ~[?:?]
	at java.util.concurrent.ForkJoinPool.runWorker(ForkJoinPool.java:1622) ~[?:?]
	at java.util.concurrent.ForkJoinWorkerThread.run(ForkJoinWorkerThread.java:165) ~[?:?]
[14Apr2025 22:19:53.070] [modloading-worker-0/DEBUG] [io.netty.util.internal.PlatformDependent0/]: java.nio.DirectByteBuffer.<init>(long, int): unavailable
[14Apr2025 22:19:53.071] [modloading-worker-0/DEBUG] [io.netty.util.internal.PlatformDependent/]: sun.misc.Unsafe: available
[14Apr2025 22:19:53.072] [modloading-worker-0/DEBUG] [io.netty.util.internal.PlatformDependent/]: maxDirectMemory: 12884901888 bytes (maybe)
[14Apr2025 22:19:53.072] [modloading-worker-0/DEBUG] [io.netty.util.internal.PlatformDependent/]: -Dio.netty.tmpdir: /tmp (java.io.tmpdir)
[14Apr2025 22:19:53.072] [modloading-worker-0/DEBUG] [io.netty.util.internal.PlatformDependent/]: -Dio.netty.bitMode: 64 (sun.arch.data.model)
[14Apr2025 22:19:53.073] [modloading-worker-0/DEBUG] [io.netty.util.internal.PlatformDependent/]: -Dio.netty.maxDirectMemory: -1 bytes
[14Apr2025 22:19:53.076] [modloading-worker-0/DEBUG] [io.netty.util.internal.PlatformDependent/]: -Dio.netty.uninitializedArrayAllocationThreshold: -1
[14Apr2025 22:19:53.077] [modloading-worker-0/DEBUG] [io.netty.util.internal.CleanerJava9/]: java.nio.ByteBuffer.cleaner(): available
[14Apr2025 22:19:53.077] [modloading-worker-0/DEBUG] [io.netty.util.internal.PlatformDependent/]: -Dio.netty.noPreferDirect: false
[14Apr2025 22:19:53.121] [modloading-worker-0/DEBUG] [net.minecraftforge.common.ForgeMod/FORGEMOD]: Loading Network data for FML net version: FML3
[14Apr2025 22:19:53.186] [modloading-worker-0/DEBUG] [net.minecraftforge.fml.config.ConfigTracker/CONFIG]: Config file forge-client.toml for forge tracking
[14Apr2025 22:19:53.186] [modloading-worker-0/DEBUG] [net.minecraftforge.fml.config.ConfigTracker/CONFIG]: Config file forge-server.toml for forge tracking
[14Apr2025 22:19:53.186] [modloading-worker-0/DEBUG] [net.minecraftforge.fml.ModLoadingContext/]: Attempted to register an empty config for type COMMON on mod forge
[14Apr2025 22:19:53.255] [modloading-worker-0/DEBUG] [net.minecraftforge.fml.javafmlmod.AutomaticEventSubscriber/LOADING]: Attempting to inject @EventBusSubscriber classes into the eventbus for forge
[14Apr2025 22:19:53.263] [modloading-worker-0/DEBUG] [net.minecraftforge.fml.javafmlmod.AutomaticEventSubscriber/LOADING]: Auto-subscribing net.minecraftforge.common.ForgeSpawnEggItem$CommonHandler to MOD
[14Apr2025 22:19:53.575] [modloading-worker-0/DEBUG] [net.minecraftforge.coremod.transformer.CoreModBaseTransformer/COREMOD]: Transforming net/minecraft/world/level/levelgen/structure/templatesystem/StructureTemplate
[14Apr2025 22:19:53.792] [modloading-worker-0/DEBUG] [net.minecraftforge.fml.javafmlmod.AutomaticEventSubscriber/LOADING]: Attempting to inject @EventBusSubscriber classes into the eventbus for lucky
[14Apr2025 22:19:53.851] [main/DEBUG] [net.minecraftforge.common.capabilities.CapabilityManager/CAPABILITIES]: Attempting to automatically register: Lnet/minecraftforge/energy/IEnergyStorage;
[14Apr2025 22:19:53.852] [main/DEBUG] [net.minecraftforge.common.capabilities.CapabilityManager/CAPABILITIES]: Attempting to automatically register: Lnet/minecraftforge/fluids/capability/IFluidHandler;
[14Apr2025 22:19:53.852] [main/DEBUG] [net.minecraftforge.common.capabilities.CapabilityManager/CAPABILITIES]: Attempting to automatically register: Lnet/minecraftforge/fluids/capability/IFluidHandlerItem;
[14Apr2025 22:19:53.852] [main/DEBUG] [net.minecraftforge.common.capabilities.CapabilityManager/CAPABILITIES]: Attempting to automatically register: Lnet/minecraftforge/items/IItemHandler;
[14Apr2025 22:19:53.987] [main/DEBUG] [net.minecraftforge.fml.config.ConfigTracker/CONFIG]: Loading configs type COMMON
[14Apr2025 22:19:54.179] [Forge Version Check/INFO] [net.minecraftforge.fml.VersionChecker/]: [forge] Starting version check at https://files.minecraftforge.net/net/minecraftforge/forge/promotions_slim.json
[14Apr2025 22:19:54.747] [Forge Version Check/DEBUG] [net.minecraftforge.fml.VersionChecker/]: [forge] Received version check data:
{
  "homepage": "https://files.minecraftforge.net/net/minecraftforge/forge/",
  "promos": {
    "1.1-latest": "1.3.4.29",
    "1.2.3-latest": "1.4.1.64",
    "1.2.4-latest": "2.0.0.68",
    "1.2.5-latest": "3.4.9.171",
    "1.3.2-latest": "4.3.5.318",
    "1.4.0-latest": "5.0.0.326",
    "1.4.1-latest": "6.0.0.329",
    "1.4.2-latest": "6.0.1.355",
    "1.4.3-latest": "6.2.1.358",
    "1.4.4-latest": "6.3.0.378",
    "1.4.5-latest": "6.4.2.448",
    "1.4.6-latest": "6.5.0.489",
    "1.4.7-latest": "6.6.2.534",
    "1.5-latest": "7.7.0.598",
    "1.5.1-latest": "7.7.2.682",
    "1.5.2-latest": "7.8.1.738",
    "1.5.2-recommended": "7.8.1.738",
    "1.6.1-latest": "8.9.0.775",
    "1.6.2-latest": "9.10.1.871",
    "1.6.2-recommended": "9.10.1.871",
    "1.6.3-latest": "9.11.0.878",
    "1.6.4-latest": "9.11.1.1345",
    "1.6.4-recommended": "9.11.1.1345",
    "1.7.2-latest": "10.12.2.1161",
    "1.7.2-recommended": "10.12.2.1161",
    "1.7.10_pre4-latest": "10.12.2.1149",
    "1.7.10-latest": "10.13.4.1614",
    "1.7.10-recommended": "10.13.4.1614",
    "1.8-latest": "11.14.4.1577",
    "1.8-recommended": "11.14.4.1563",
    "1.8.8-latest": "11.15.0.1655",
    "1.8.9-latest": "11.15.1.2318",
    "1.8.9-recommended": "11.15.1.2318",
    "1.9-latest": "12.16.1.1938",
    "1.9-recommended": "12.16.1.1887",
    "1.9.4-latest": "12.17.0.2317",
    "1.9.4-recommended": "12.17.0.2317",
    "1.10-latest": "12.18.0.2000",
    "1.10.2-latest": "12.18.3.2511",
    "1.10.2-recommended": "12.18.3.2511",
    "1.11-latest": "13.19.1.2199",
    "1.11-recommended": "13.19.1.2189",
    "1.11.2-latest": "13.20.1.2588",
    "1.11.2-recommended": "13.20.1.2588",
    "1.12-latest": "14.21.1.2443",
    "1.12-recommended": "14.21.1.2387",
    "1.12.1-latest": "14.22.1.2485",
    "1.12.1-recommended": "14.22.1.2478",
    "1.12.2-latest": "14.23.5.2860",
    "1.12.2-recommended": "14.23.5.2859",
    "1.13.2-latest": "25.0.223",
    "1.14.2-latest": "26.0.63",
    "1.14.3-latest": "27.0.60",
    "1.14.4-latest": "28.2.26",
    "1.14.4-recommended": "28.2.26",
    "1.15-latest": "29.0.4",
    "1.15.1-latest": "30.0.51",
    "1.15.2-latest": "31.2.57",
    "1.15.2-recommended": "31.2.57",
    "1.16.1-latest": "32.0.108",
    "1.16.2-latest": "33.0.61",
    "1.16.3-latest": "34.1.42",
    "1.16.3-recommended": "34.1.0",
    "1.16.4-latest": "35.1.37",
    "1.16.4-recommended": "35.1.4",
    "1.16.5-latest": "36.2.42",
    "1.16.5-recommended": "36.2.34",
    "1.17.1-latest": "37.1.1",
    "1.17.1-recommended": "37.1.1",
    "1.18-latest": "38.0.17",
    "1.18.1-latest": "39.1.2",
    "1.18.1-recommended": "39.1.0",
    "1.18.2-recommended": "40.3.0",
    "1.18.2-latest": "40.3.10",
    "1.19-latest": "41.1.0",
    "1.19-recommended": "41.1.0",
    "1.19.1-latest": "42.0.9",
    "1.19.2-recommended": "43.5.0",
    "1.19.2-latest": "43.5.0",
    "1.19.3-latest": "44.1.23",
    "1.19.3-recommended": "44.1.0",
    "1.19.4-recommended": "45.4.0",
    "1.19.4-latest": "45.4.0",
    "1.20-latest": "46.0.14",
    "1.20.1-recommended": "47.4.0",
    "1.20.1-latest": "47.4.0",
    "1.20.2-latest": "48.1.0",
    "1.20.2-recommended": "48.1.0",
    "1.20.3-latest": "49.0.2",
    "1.20.4-latest": "49.2.0",
    "1.20.4-recommended": "49.2.0",
    "1.20.6-latest": "50.2.0",
    "1.20.6-recommended": "50.2.0",
    "1.21-latest": "51.0.33",
    "1.21.1-latest": "52.1.0",
    "1.21.1-recommended": "52.1.0",
    "1.21.3-latest": "53.1.1",
    "1.21.3-recommended": "53.1.0",
    "1.21.4-latest": "54.1.3",
    "1.21.4-recommended": "54.1.0",
    "1.21.5-latest": "55.0.4"
  }
}
[14Apr2025 22:19:54.749] [Forge Version Check/INFO] [net.minecraftforge.fml.VersionChecker/]: [forge] Found status: OUTDATED Current: 47.3.7 Target: 47.4.0
[14Apr2025 22:19:55.280] [main/INFO] [com.mojang.authlib.yggdrasil.YggdrasilAuthenticationService/]: Environment: authHost='https://authserver.mojang.com', accountsHost='https://api.mojang.com', sessionHost='https://sessionserver.mojang.com', servicesHost='https://api.minecraftservices.com', name='PROD'
[14Apr2025 22:19:55.954] [main/WARN] [net.minecraft.server.packs.VanillaPackResourcesBuilder/]: Assets URL 'union:/workspaces/server-god/servidor_minecraft/libraries/net/minecraft/server/1.20.1-20230612.114412/server-1.20.1-20230612.114412-srg.jar%23103!/assets/.mcassetsroot' uses unexpected schema
[14Apr2025 22:19:55.954] [main/WARN] [net.minecraft.server.packs.VanillaPackResourcesBuilder/]: Assets URL 'union:/workspaces/server-god/servidor_minecraft/libraries/net/minecraft/server/1.20.1-20230612.114412/server-1.20.1-20230612.114412-srg.jar%23103!/data/.mcassetsroot' uses unexpected schema
[14Apr2025 22:19:56.007] [main/DEBUG] [net.minecraftforge.server.ServerLifecycleHooks/CORE]: Generating PackInfo named mod:lucky for mod file /workspaces/server-god/servidor_minecraft/mods/lucky-block-forge-1.20.1-13.0.jar
[14Apr2025 22:19:56.009] [main/DEBUG] [net.minecraftforge.server.ServerLifecycleHooks/CORE]: Generating PackInfo named mod:forge for mod file /workspaces/server-god/servidor_minecraft/libraries/net/minecraftforge/forge/1.20.1-47.3.7/forge-1.20.1-47.3.7-universal.jar
[14Apr2025 22:19:57.092] [main/DEBUG] [net.minecraftforge.coremod.transformer.CoreModBaseTransformer/COREMOD]: Transforming net/minecraft/server/commands/SummonCommand
[14Apr2025 22:19:57.531] [Worker-Main-1/DEBUG] [net.minecraftforge.coremod.transformer.CoreModBaseTransformer/COREMOD]: Transforming net/minecraft/world/entity/raid/Raid
[14Apr2025 22:19:57.799] [main/INFO] [net.minecraft.world.item.crafting.RecipeManager/]: Loaded 7 recipes
[14Apr2025 22:19:57.928] [main/INFO] [net.minecraft.advancements.AdvancementList/]: Loaded 1271 advancements
[14Apr2025 22:19:58.336] [main/DEBUG] [net.minecraftforge.common.ForgeHooks/WP]: Gathering id map for writing to world save Lucky Blocks Race 3
[14Apr2025 22:19:58.349] [main/DEBUG] [net.minecraftforge.common.ForgeHooks/WP]: ID Map collection complete Lucky Blocks Race 3
[14Apr2025 22:19:58.396] [Server thread/INFO] [net.minecraft.server.dedicated.DedicatedServer/]: Starting minecraft server version 1.20.1
[14Apr2025 22:19:58.397] [Server thread/INFO] [net.minecraft.server.dedicated.DedicatedServer/]: Loading properties
[14Apr2025 22:19:58.397] [Server thread/INFO] [net.minecraft.server.dedicated.DedicatedServer/]: Default game type: SURVIVAL
[14Apr2025 22:19:58.397] [Server thread/INFO] [net.minecraft.server.MinecraftServer/]: Generating keypair
[14Apr2025 22:19:58.544] [Server thread/INFO] [net.minecraft.server.dedicated.DedicatedServer/]: Starting Minecraft server on *:25565
[14Apr2025 22:19:58.545] [Server thread/DEBUG] [net.minecraftforge.network.DualStackUtils/]: Detected IPv6 address: "0:0:0:0:0:0:0:0"
[14Apr2025 22:19:58.552] [Server thread/DEBUG] [io.netty.util.internal.NativeLibraryLoader/]: -Dio.netty.native.workdir: /tmp (io.netty.tmpdir)
[14Apr2025 22:19:58.552] [Server thread/DEBUG] [io.netty.util.internal.NativeLibraryLoader/]: -Dio.netty.native.deleteLibAfterLoading: true
[14Apr2025 22:19:58.552] [Server thread/DEBUG] [io.netty.util.internal.NativeLibraryLoader/]: -Dio.netty.native.tryPatchShadedId: true
[14Apr2025 22:19:58.552] [Server thread/DEBUG] [io.netty.util.internal.NativeLibraryLoader/]: -Dio.netty.native.detectNativeLibraryDuplicates: true
[14Apr2025 22:19:58.558] [Server thread/DEBUG] [io.netty.util.internal.NativeLibraryLoader/]: Successfully loaded the library /tmp/libnetty_transport_native_epoll_x86_648299815213069156750.so
[14Apr2025 22:19:58.561] [Server thread/DEBUG] [io.netty.util.NetUtil/]: -Djava.net.preferIPv4Stack: false
[14Apr2025 22:19:58.562] [Server thread/DEBUG] [io.netty.util.NetUtil/]: -Djava.net.preferIPv6Addresses: true
[14Apr2025 22:19:58.563] [Server thread/DEBUG] [io.netty.util.NetUtilInitializations/]: Loopback interface: lo (lo, 0:0:0:0:0:0:0:1%lo)
[14Apr2025 22:19:58.565] [Server thread/DEBUG] [io.netty.util.NetUtil/]: /proc/sys/net/core/somaxconn: 4096
[14Apr2025 22:19:58.569] [Server thread/INFO] [net.minecraft.server.network.ServerConnectionListener/]: Using epoll channel type
[14Apr2025 22:19:58.582] [Server thread/DEBUG] [io.netty.channel.MultithreadEventLoopGroup/]: -Dio.netty.eventLoopThreads: 8
[14Apr2025 22:19:58.595] [Server thread/DEBUG] [io.netty.util.internal.InternalThreadLocalMap/]: -Dio.netty.threadLocalMap.stringBuilder.initialSize: 1024
[14Apr2025 22:19:58.596] [Server thread/DEBUG] [io.netty.util.internal.InternalThreadLocalMap/]: -Dio.netty.threadLocalMap.stringBuilder.maxSize: 4096
[14Apr2025 22:19:58.606] [Server thread/DEBUG] [io.netty.util.internal.PlatformDependent/]: org.jctools-core.MpscChunkedArrayQueue: available
[14Apr2025 22:19:58.614] [Server thread/DEBUG] [io.netty.channel.DefaultChannelId/]: -Dio.netty.processId: 48760 (auto-detected)
[14Apr2025 22:19:58.616] [Server thread/DEBUG] [io.netty.channel.DefaultChannelId/]: -Dio.netty.machineId: 7c:1e:52:ff:fe:ed:64:c5 (auto-detected)
[14Apr2025 22:19:58.641] [Server thread/DEBUG] [io.netty.buffer.PooledByteBufAllocator/]: -Dio.netty.allocator.numHeapArenas: 8
[14Apr2025 22:19:58.641] [Server thread/DEBUG] [io.netty.buffer.PooledByteBufAllocator/]: -Dio.netty.allocator.numDirectArenas: 8
[14Apr2025 22:19:58.641] [Server thread/DEBUG] [io.netty.buffer.PooledByteBufAllocator/]: -Dio.netty.allocator.pageSize: 8192
[14Apr2025 22:19:58.642] [Server thread/DEBUG] [io.netty.buffer.PooledByteBufAllocator/]: -Dio.netty.allocator.maxOrder: 9
[14Apr2025 22:19:58.642] [Server thread/DEBUG] [io.netty.buffer.PooledByteBufAllocator/]: -Dio.netty.allocator.chunkSize: 4194304
[14Apr2025 22:19:58.642] [Server thread/DEBUG] [io.netty.buffer.PooledByteBufAllocator/]: -Dio.netty.allocator.smallCacheSize: 256
[14Apr2025 22:19:58.642] [Server thread/DEBUG] [io.netty.buffer.PooledByteBufAllocator/]: -Dio.netty.allocator.normalCacheSize: 64
[14Apr2025 22:19:58.642] [Server thread/DEBUG] [io.netty.buffer.PooledByteBufAllocator/]: -Dio.netty.allocator.maxCachedBufferCapacity: 32768
[14Apr2025 22:19:58.642] [Server thread/DEBUG] [io.netty.buffer.PooledByteBufAllocator/]: -Dio.netty.allocator.cacheTrimInterval: 8192
[14Apr2025 22:19:58.642] [Server thread/DEBUG] [io.netty.buffer.PooledByteBufAllocator/]: -Dio.netty.allocator.cacheTrimIntervalMillis: 0
[14Apr2025 22:19:58.642] [Server thread/DEBUG] [io.netty.buffer.PooledByteBufAllocator/]: -Dio.netty.allocator.useCacheForAllThreads: false
[14Apr2025 22:19:58.643] [Server thread/DEBUG] [io.netty.buffer.PooledByteBufAllocator/]: -Dio.netty.allocator.maxCachedByteBuffersPerChunk: 1023
[14Apr2025 22:19:58.651] [Server thread/DEBUG] [io.netty.buffer.ByteBufUtil/]: -Dio.netty.allocator.type: pooled
[14Apr2025 22:19:58.651] [Server thread/DEBUG] [io.netty.buffer.ByteBufUtil/]: -Dio.netty.threadLocalDirectBufferSize: 0
[14Apr2025 22:19:58.651] [Server thread/DEBUG] [io.netty.buffer.ByteBufUtil/]: -Dio.netty.maxThreadLocalCharBufferSize: 16384
[14Apr2025 22:19:58.676] [Server thread/DEBUG] [net.minecraftforge.fml.config.ConfigTracker/CONFIG]: Loading configs type SERVER
[14Apr2025 22:19:58.678] [Server thread/DEBUG] [net.minecraftforge.fml.config.ConfigFileTypeHandler/CONFIG]: Built TOML config for ./world/serverconfig/forge-server.toml
[14Apr2025 22:19:58.679] [Server thread/DEBUG] [net.minecraftforge.fml.config.ConfigFileTypeHandler/CONFIG]: Loaded TOML config file ./world/serverconfig/forge-server.toml
[14Apr2025 22:19:58.684] [Server thread/DEBUG] [net.minecraftforge.fml.config.ConfigFileTypeHandler/CONFIG]: Watching TOML config file ./world/serverconfig/forge-server.toml for changes
[14Apr2025 22:19:58.688] [Server thread/DEBUG] [net.minecraftforge.common.ForgeConfig/FORGEMOD]: Loaded forge config file forge-server.toml
[14Apr2025 22:19:58.689] [Thread-2/DEBUG] [net.minecraftforge.fml.config.ConfigFileTypeHandler/CONFIG]: Config file forge-server.toml changed, sending notifies
[14Apr2025 22:19:58.690] [Thread-2/DEBUG] [net.minecraftforge.common.ForgeConfig/FORGEMOD]: Forge config just got changed on the file system!
[14Apr2025 22:19:58.692] [Thread-2/DEBUG] [net.minecraftforge.fml.config.ConfigFileTypeHandler/CONFIG]: Config file forge-server.toml changed, sending notifies
[14Apr2025 22:19:58.693] [Thread-2/DEBUG] [net.minecraftforge.common.ForgeConfig/FORGEMOD]: Forge config just got changed on the file system!
[14Apr2025 22:19:58.723] [Server thread/INFO] [net.minecraft.server.dedicated.DedicatedServer/]: Preparing level "world"
[14Apr2025 22:19:58.730] [Server thread/DEBUG] [net.minecraftforge.coremod.transformer.CoreModBaseTransformer/COREMOD]: Transforming net/minecraft/world/level/levelgen/PhantomSpawner
[14Apr2025 22:19:58.738] [Server thread/DEBUG] [net.minecraftforge.coremod.transformer.CoreModBaseTransformer/COREMOD]: Transforming net/minecraft/world/level/levelgen/PatrolSpawner
[14Apr2025 22:19:58.745] [Server thread/DEBUG] [net.minecraftforge.coremod.transformer.CoreModBaseTransformer/COREMOD]: Transforming net/minecraft/world/entity/npc/CatSpawner
[14Apr2025 22:19:58.753] [Server thread/DEBUG] [net.minecraftforge.coremod.transformer.CoreModBaseTransformer/COREMOD]: Transforming net/minecraft/world/entity/ai/village/VillageSiege
[14Apr2025 22:19:58.930] [Server thread/INFO] [net.minecraft.server.MinecraftServer/]: Preparing start region for dimension minecraft:overworld
[14Apr2025 22:20:04.372] [Worker-Main-2/INFO] [net.minecraft.server.level.progress.LoggerChunkProgressListener/]: Preparing spawn area: 0%
[14Apr2025 22:20:04.375] [Worker-Main-2/INFO] [net.minecraft.server.level.progress.LoggerChunkProgressListener/]: Preparing spawn area: 0%
[14Apr2025 22:20:04.377] [Worker-Main-3/INFO] [net.minecraft.server.level.progress.LoggerChunkProgressListener/]: Preparing spawn area: 0%
[14Apr2025 22:20:04.378] [Worker-Main-3/INFO] [net.minecraft.server.level.progress.LoggerChunkProgressListener/]: Preparing spawn area: 0%
[14Apr2025 22:20:04.379] [Worker-Main-2/INFO] [net.minecraft.server.level.progress.LoggerChunkProgressListener/]: Preparing spawn area: 0%
[14Apr2025 22:20:04.380] [Worker-Main-2/INFO] [net.minecraft.server.level.progress.LoggerChunkProgressListener/]: Preparing spawn area: 0%
[14Apr2025 22:20:04.382] [Worker-Main-3/INFO] [net.minecraft.server.level.progress.LoggerChunkProgressListener/]: Preparing spawn area: 0%
[14Apr2025 22:20:04.382] [Worker-Main-3/INFO] [net.minecraft.server.level.progress.LoggerChunkProgressListener/]: Preparing spawn area: 0%
[14Apr2025 22:20:04.383] [Worker-Main-3/INFO] [net.minecraft.server.level.progress.LoggerChunkProgressListener/]: Preparing spawn area: 0%
[14Apr2025 22:20:04.385] [Worker-Main-3/INFO] [net.minecraft.server.level.progress.LoggerChunkProgressListener/]: Preparing spawn area: 0%
[14Apr2025 22:20:04.386] [Worker-Main-2/INFO] [net.minecraft.server.level.progress.LoggerChunkProgressListener/]: Preparing spawn area: 0%
[14Apr2025 22:20:04.432] [Worker-Main-2/INFO] [net.minecraft.server.level.progress.LoggerChunkProgressListener/]: Preparing spawn area: 0%
[14Apr2025 22:20:04.931] [Worker-Main-2/INFO] [net.minecraft.server.level.progress.LoggerChunkProgressListener/]: Preparing spawn area: 22%
[14Apr2025 22:20:05.369] [Server thread/INFO] [net.minecraft.server.level.progress.LoggerChunkProgressListener/]: Time elapsed: 6439 ms
[14Apr2025 22:20:05.370] [Server thread/INFO] [net.minecraft.server.dedicated.DedicatedServer/]: Done (6.693s)! For help, type "help"
[14Apr2025 22:20:05.381] [Server thread/DEBUG] [net.minecraftforge.network.DualStackUtils/]: Detected IPv6 address: "0:0:0:0:0:0:0:0"
[14Apr2025 22:20:05.386] [Server thread/DEBUG] [net.minecraftforge.common.ForgeI18n/CORE]: Loading I18N data entries: 223
[14Apr2025 22:20:05.389] [Server thread/INFO] [net.minecraftforge.server.permission.PermissionAPI/]: Successfully initialized permission handler forge:default_handler
[14Apr2025 22:20:05.450] [Server thread/DEBUG] [io.netty.buffer.AbstractByteBuf/]: -Dio.netty.buffer.checkAccessible: true
[14Apr2025 22:20:05.451] [Server thread/DEBUG] [io.netty.buffer.AbstractByteBuf/]: -Dio.netty.buffer.checkBounds: true
[14Apr2025 22:20:05.451] [Server thread/DEBUG] [io.netty.util.ResourceLeakDetectorFactory/]: Loaded default ResourceLeakDetector: io.netty.util.ResourceLeakDetector@3a63c9ba
[14Apr2025 22:20:05.471] [Server thread/DEBUG] [net.minecraftforge.coremod.transformer.CoreModBaseTransformer/COREMOD]: Transforming net/minecraft/world/level/NaturalSpawner
[14Apr2025 22:22:12.560] [Netty Epoll Server IO #1/DEBUG] [io.netty.util.Recycler/]: -Dio.netty.recycler.maxCapacityPerThread: 4096
[14Apr2025 22:22:12.560] [Netty Epoll Server IO #1/DEBUG] [io.netty.util.Recycler/]: -Dio.netty.recycler.ratio: 8
[14Apr2025 22:22:12.560] [Netty Epoll Server IO #1/DEBUG] [io.netty.util.Recycler/]: -Dio.netty.recycler.chunkSize: 32
[14Apr2025 22:22:12.560] [Netty Epoll Server IO #1/DEBUG] [io.netty.util.Recycler/]: -Dio.netty.recycler.blocking: false
[14Apr2025 22:22:12.593] [Netty Epoll Server IO #1/DEBUG] [net.minecraftforge.network.HandshakeHandler/FMLHANDSHAKE]: Starting new modded impl connection. Found 22 messages to dispatch.
[14Apr2025 22:22:13.141] [User Authenticator #1/INFO] [net.minecraft.server.network.ServerLoginPacketListenerImpl/]: UUID of player Iaqocraft is 6b94834c-3a61-451a-889e-c47e334a64d5
[14Apr2025 22:22:13.189] [Server thread/DEBUG] [net.minecraftforge.network.HandshakeHandler/FMLHANDSHAKE]: Sending ticking packet info 'net.minecraftforge.network.HandshakeMessages$S2CModData' to 'fml:handshake' sequence 0
[14Apr2025 22:22:13.239] [Server thread/DEBUG] [net.minecraftforge.network.HandshakeHandler/FMLHANDSHAKE]: Sending ticking packet info 'net.minecraftforge.network.HandshakeMessages$S2CModList' to 'fml:handshake' sequence 1
[14Apr2025 22:22:13.289] [Server thread/DEBUG] [net.minecraftforge.network.HandshakeHandler/FMLHANDSHAKE]: Sending ticking packet info 'Registry minecraft:command_argument_type' to 'fml:handshake' sequence 2
[14Apr2025 22:22:13.339] [Server thread/DEBUG] [net.minecraftforge.network.HandshakeHandler/FMLHANDSHAKE]: Sending ticking packet info 'Registry minecraft:recipe_serializer' to 'fml:handshake' sequence 3
[14Apr2025 22:22:13.389] [Server thread/DEBUG] [net.minecraftforge.network.HandshakeHandler/FMLHANDSHAKE]: Sending ticking packet info 'Registry minecraft:sound_event' to 'fml:handshake' sequence 4
[14Apr2025 22:22:13.401] [Netty Epoll Server IO #1/DEBUG] [net.minecraftforge.network.LoginWrapper/FMLHANDSHAKE]: Recieved login wrapper packet event for channel fml:handshake with index 1
[14Apr2025 22:22:13.403] [Netty Epoll Server IO #1/DEBUG] [net.minecraftforge.network.HandshakeHandler/FMLHANDSHAKE]: Received client indexed reply 1 of type net.minecraftforge.network.HandshakeMessages$C2SModListReply
[14Apr2025 22:22:13.403] [Netty Epoll Server IO #1/DEBUG] [net.minecraftforge.network.HandshakeHandler/FMLHANDSHAKE]: Received client connection with modlist [minecraft, lucky, forge]
[14Apr2025 22:22:13.404] [Netty Epoll Server IO #1/DEBUG] [net.minecraftforge.network.NetworkRegistry/NETREGISTRY]: Channel 'fml:loginwrapper' : Version test of 'FML3' from client : ACCEPTED
[14Apr2025 22:22:13.404] [Netty Epoll Server IO #1/DEBUG] [net.minecraftforge.network.NetworkRegistry/NETREGISTRY]: Channel 'forge:tier_sorting' : Version test of '1.0' from client : ACCEPTED
[14Apr2025 22:22:13.404] [Netty Epoll Server IO #1/DEBUG] [net.minecraftforge.network.NetworkRegistry/NETREGISTRY]: Channel 'fml:handshake' : Version test of 'FML3' from client : ACCEPTED
[14Apr2025 22:22:13.404] [Netty Epoll Server IO #1/DEBUG] [net.minecraftforge.network.NetworkRegistry/NETREGISTRY]: Channel 'minecraft:unregister' : Version test of 'FML3' from client : ACCEPTED
[14Apr2025 22:22:13.404] [Netty Epoll Server IO #1/DEBUG] [net.minecraftforge.network.NetworkRegistry/NETREGISTRY]: Channel 'fml:play' : Version test of 'FML3' from client : ACCEPTED
[14Apr2025 22:22:13.404] [Netty Epoll Server IO #1/DEBUG] [net.minecraftforge.network.NetworkRegistry/NETREGISTRY]: Channel 'minecraft:register' : Version test of 'FML3' from client : ACCEPTED
[14Apr2025 22:22:13.404] [Netty Epoll Server IO #1/DEBUG] [net.minecraftforge.network.NetworkRegistry/NETREGISTRY]: Channel 'forge:split' : Version test of '1.1' from client : ACCEPTED
[14Apr2025 22:22:13.404] [Netty Epoll Server IO #1/DEBUG] [net.minecraftforge.network.NetworkRegistry/NETREGISTRY]: Accepting channel list from client
[14Apr2025 22:22:13.405] [Netty Epoll Server IO #1/DEBUG] [net.minecraftforge.network.HandshakeHandler/FMLHANDSHAKE]: Accepted client connection mod list
[14Apr2025 22:22:13.437] [Netty Epoll Server IO #1/DEBUG] [net.minecraftforge.network.LoginWrapper/FMLHANDSHAKE]: Recieved login wrapper packet event for channel fml:handshake with index 2
[14Apr2025 22:22:13.437] [Netty Epoll Server IO #1/DEBUG] [net.minecraftforge.network.HandshakeHandler/FMLHANDSHAKE]: Received client indexed reply 2 of type net.minecraftforge.network.HandshakeMessages$C2SAcknowledge
[14Apr2025 22:22:13.437] [Netty Epoll Server IO #1/DEBUG] [net.minecraftforge.network.HandshakeHandler/FMLHANDSHAKE]: Received acknowledgement from client
[14Apr2025 22:22:13.439] [Server thread/DEBUG] [net.minecraftforge.network.HandshakeHandler/FMLHANDSHAKE]: Sending ticking packet info 'Registry minecraft:particle_type' to 'fml:handshake' sequence 5
[14Apr2025 22:22:13.489] [Server thread/DEBUG] [net.minecraftforge.network.HandshakeHandler/FMLHANDSHAKE]: Sending ticking packet info 'Registry minecraft:villager_profession' to 'fml:handshake' sequence 6
[14Apr2025 22:22:13.495] [Netty Epoll Server IO #1/DEBUG] [net.minecraftforge.network.LoginWrapper/FMLHANDSHAKE]: Recieved login wrapper packet event for channel fml:handshake with index 3
[14Apr2025 22:22:13.495] [Netty Epoll Server IO #1/DEBUG] [net.minecraftforge.network.HandshakeHandler/FMLHANDSHAKE]: Received client indexed reply 3 of type net.minecraftforge.network.HandshakeMessages$C2SAcknowledge
[14Apr2025 22:22:13.495] [Netty Epoll Server IO #1/DEBUG] [net.minecraftforge.network.HandshakeHandler/FMLHANDSHAKE]: Received acknowledgement from client
[14Apr2025 22:22:13.539] [Server thread/DEBUG] [net.minecraftforge.network.HandshakeHandler/FMLHANDSHAKE]: Sending ticking packet info 'Registry minecraft:item' to 'fml:handshake' sequence 7
[14Apr2025 22:22:13.589] [Server thread/DEBUG] [net.minecraftforge.network.HandshakeHandler/FMLHANDSHAKE]: Sending ticking packet info 'Registry minecraft:potion' to 'fml:handshake' sequence 8
[14Apr2025 22:22:13.639] [Server thread/DEBUG] [net.minecraftforge.network.HandshakeHandler/FMLHANDSHAKE]: Sending ticking packet info 'Registry minecraft:painting_variant' to 'fml:handshake' sequence 9
[14Apr2025 22:22:13.689] [Server thread/DEBUG] [net.minecraftforge.network.HandshakeHandler/FMLHANDSHAKE]: Sending ticking packet info 'Registry forge:fluid_type' to 'fml:handshake' sequence 10
[14Apr2025 22:22:13.696] [Netty Epoll Server IO #1/DEBUG] [net.minecraftforge.network.LoginWrapper/FMLHANDSHAKE]: Recieved login wrapper packet event for channel fml:handshake with index 4
[14Apr2025 22:22:13.696] [Netty Epoll Server IO #1/DEBUG] [net.minecraftforge.network.HandshakeHandler/FMLHANDSHAKE]: Received client indexed reply 4 of type net.minecraftforge.network.HandshakeMessages$C2SAcknowledge
[14Apr2025 22:22:13.696] [Netty Epoll Server IO #1/DEBUG] [net.minecraftforge.network.HandshakeHandler/FMLHANDSHAKE]: Received acknowledgement from client
[14Apr2025 22:22:13.698] [Netty Epoll Server IO #1/DEBUG] [net.minecraftforge.network.LoginWrapper/FMLHANDSHAKE]: Recieved login wrapper packet event for channel fml:handshake with index 5
[14Apr2025 22:22:13.698] [Netty Epoll Server IO #1/DEBUG] [net.minecraftforge.network.HandshakeHandler/FMLHANDSHAKE]: Received client indexed reply 5 of type net.minecraftforge.network.HandshakeMessages$C2SAcknowledge
[14Apr2025 22:22:13.698] [Netty Epoll Server IO #1/DEBUG] [net.minecraftforge.network.HandshakeHandler/FMLHANDSHAKE]: Received acknowledgement from client
[14Apr2025 22:22:13.699] [Netty Epoll Server IO #1/DEBUG] [net.minecraftforge.network.LoginWrapper/FMLHANDSHAKE]: Recieved login wrapper packet event for channel fml:handshake with index 6
[14Apr2025 22:22:13.699] [Netty Epoll Server IO #1/DEBUG] [net.minecraftforge.network.HandshakeHandler/FMLHANDSHAKE]: Received client indexed reply 6 of type net.minecraftforge.network.HandshakeMessages$C2SAcknowledge
[14Apr2025 22:22:13.699] [Netty Epoll Server IO #1/DEBUG] [net.minecraftforge.network.HandshakeHandler/FMLHANDSHAKE]: Received acknowledgement from client
[14Apr2025 22:22:13.722] [Netty Epoll Server IO #1/DEBUG] [net.minecraftforge.network.LoginWrapper/FMLHANDSHAKE]: Recieved login wrapper packet event for channel fml:handshake with index 7
[14Apr2025 22:22:13.722] [Netty Epoll Server IO #1/DEBUG] [net.minecraftforge.network.HandshakeHandler/FMLHANDSHAKE]: Received client indexed reply 7 of type net.minecraftforge.network.HandshakeMessages$C2SAcknowledge
[14Apr2025 22:22:13.722] [Netty Epoll Server IO #1/DEBUG] [net.minecraftforge.network.HandshakeHandler/FMLHANDSHAKE]: Received acknowledgement from client
[14Apr2025 22:22:13.736] [Netty Epoll Server IO #1/DEBUG] [net.minecraftforge.network.LoginWrapper/FMLHANDSHAKE]: Recieved login wrapper packet event for channel fml:handshake with index 8
[14Apr2025 22:22:13.736] [Netty Epoll Server IO #1/DEBUG] [net.minecraftforge.network.HandshakeHandler/FMLHANDSHAKE]: Received client indexed reply 8 of type net.minecraftforge.network.HandshakeMessages$C2SAcknowledge
[14Apr2025 22:22:13.736] [Netty Epoll Server IO #1/DEBUG] [net.minecraftforge.network.HandshakeHandler/FMLHANDSHAKE]: Received acknowledgement from client
[14Apr2025 22:22:13.739] [Server thread/DEBUG] [net.minecraftforge.network.HandshakeHandler/FMLHANDSHAKE]: Sending ticking packet info 'Registry minecraft:block_entity_type' to 'fml:handshake' sequence 11
[14Apr2025 22:22:13.766] [Netty Epoll Server IO #1/DEBUG] [net.minecraftforge.network.LoginWrapper/FMLHANDSHAKE]: Recieved login wrapper packet event for channel fml:handshake with index 9
[14Apr2025 22:22:13.766] [Netty Epoll Server IO #1/DEBUG] [net.minecraftforge.network.HandshakeHandler/FMLHANDSHAKE]: Received client indexed reply 9 of type net.minecraftforge.network.HandshakeMessages$C2SAcknowledge
[14Apr2025 22:22:13.767] [Netty Epoll Server IO #1/DEBUG] [net.minecraftforge.network.HandshakeHandler/FMLHANDSHAKE]: Received acknowledgement from client
[14Apr2025 22:22:13.789] [Server thread/DEBUG] [net.minecraftforge.network.HandshakeHandler/FMLHANDSHAKE]: Sending ticking packet info 'Registry forge:display_contexts' to 'fml:handshake' sequence 12
[14Apr2025 22:22:13.839] [Server thread/DEBUG] [net.minecraftforge.network.HandshakeHandler/FMLHANDSHAKE]: Sending ticking packet info 'Registry minecraft:block' to 'fml:handshake' sequence 13
[14Apr2025 22:22:13.859] [Netty Epoll Server IO #1/DEBUG] [net.minecraftforge.network.LoginWrapper/FMLHANDSHAKE]: Recieved login wrapper packet event for channel fml:handshake with index 10
[14Apr2025 22:22:13.859] [Netty Epoll Server IO #1/DEBUG] [net.minecraftforge.network.HandshakeHandler/FMLHANDSHAKE]: Received client indexed reply 10 of type net.minecraftforge.network.HandshakeMessages$C2SAcknowledge
[14Apr2025 22:22:13.859] [Netty Epoll Server IO #1/DEBUG] [net.minecraftforge.network.HandshakeHandler/FMLHANDSHAKE]: Received acknowledgement from client
[14Apr2025 22:22:13.889] [Server thread/DEBUG] [net.minecraftforge.network.HandshakeHandler/FMLHANDSHAKE]: Sending ticking packet info 'Registry forge:entity_data_serializers' to 'fml:handshake' sequence 14
[14Apr2025 22:22:13.890] [Netty Epoll Server IO #1/DEBUG] [net.minecraftforge.network.LoginWrapper/FMLHANDSHAKE]: Recieved login wrapper packet event for channel fml:handshake with index 11
[14Apr2025 22:22:13.890] [Netty Epoll Server IO #1/DEBUG] [net.minecraftforge.network.HandshakeHandler/FMLHANDSHAKE]: Received client indexed reply 11 of type net.minecraftforge.network.HandshakeMessages$C2SAcknowledge
[14Apr2025 22:22:13.890] [Netty Epoll Server IO #1/DEBUG] [net.minecraftforge.network.HandshakeHandler/FMLHANDSHAKE]: Received acknowledgement from client
[14Apr2025 22:22:13.936] [Netty Epoll Server IO #1/DEBUG] [net.minecraftforge.network.LoginWrapper/FMLHANDSHAKE]: Recieved login wrapper packet event for channel fml:handshake with index 12
[14Apr2025 22:22:13.936] [Netty Epoll Server IO #1/DEBUG] [net.minecraftforge.network.HandshakeHandler/FMLHANDSHAKE]: Received client indexed reply 12 of type net.minecraftforge.network.HandshakeMessages$C2SAcknowledge
[14Apr2025 22:22:13.936] [Netty Epoll Server IO #1/DEBUG] [net.minecraftforge.network.HandshakeHandler/FMLHANDSHAKE]: Received acknowledgement from client
[14Apr2025 22:22:13.939] [Server thread/DEBUG] [net.minecraftforge.network.HandshakeHandler/FMLHANDSHAKE]: Sending ticking packet info 'Registry minecraft:mob_effect' to 'fml:handshake' sequence 15
[14Apr2025 22:22:13.963] [Netty Epoll Server IO #1/DEBUG] [net.minecraftforge.network.LoginWrapper/FMLHANDSHAKE]: Recieved login wrapper packet event for channel fml:handshake with index 13
[14Apr2025 22:22:13.963] [Netty Epoll Server IO #1/DEBUG] [net.minecraftforge.network.HandshakeHandler/FMLHANDSHAKE]: Received client indexed reply 13 of type net.minecraftforge.network.HandshakeMessages$C2SAcknowledge
[14Apr2025 22:22:13.963] [Netty Epoll Server IO #1/DEBUG] [net.minecraftforge.network.HandshakeHandler/FMLHANDSHAKE]: Received acknowledgement from client
[14Apr2025 22:22:13.989] [Server thread/DEBUG] [net.minecraftforge.network.HandshakeHandler/FMLHANDSHAKE]: Sending ticking packet info 'Registry minecraft:stat_type' to 'fml:handshake' sequence 16
[14Apr2025 22:22:14.039] [Server thread/DEBUG] [net.minecraftforge.network.HandshakeHandler/FMLHANDSHAKE]: Sending ticking packet info 'Registry minecraft:menu' to 'fml:handshake' sequence 17
[14Apr2025 22:22:14.058] [Netty Epoll Server IO #1/DEBUG] [net.minecraftforge.network.LoginWrapper/FMLHANDSHAKE]: Recieved login wrapper packet event for channel fml:handshake with index 14
[14Apr2025 22:22:14.058] [Netty Epoll Server IO #1/DEBUG] [net.minecraftforge.network.HandshakeHandler/FMLHANDSHAKE]: Received client indexed reply 14 of type net.minecraftforge.network.HandshakeMessages$C2SAcknowledge
[14Apr2025 22:22:14.058] [Netty Epoll Server IO #1/DEBUG] [net.minecraftforge.network.HandshakeHandler/FMLHANDSHAKE]: Received acknowledgement from client
[14Apr2025 22:22:14.089] [Server thread/DEBUG] [net.minecraftforge.network.HandshakeHandler/FMLHANDSHAKE]: Sending ticking packet info 'Registry minecraft:enchantment' to 'fml:handshake' sequence 18
[14Apr2025 22:22:14.090] [Netty Epoll Server IO #1/DEBUG] [net.minecraftforge.network.LoginWrapper/FMLHANDSHAKE]: Recieved login wrapper packet event for channel fml:handshake with index 15
[14Apr2025 22:22:14.090] [Netty Epoll Server IO #1/DEBUG] [net.minecraftforge.network.HandshakeHandler/FMLHANDSHAKE]: Received client indexed reply 15 of type net.minecraftforge.network.HandshakeMessages$C2SAcknowledge
[14Apr2025 22:22:14.090] [Netty Epoll Server IO #1/DEBUG] [net.minecraftforge.network.HandshakeHandler/FMLHANDSHAKE]: Received acknowledgement from client
[14Apr2025 22:22:14.139] [Server thread/DEBUG] [net.minecraftforge.network.HandshakeHandler/FMLHANDSHAKE]: Sending ticking packet info 'Registry minecraft:fluid' to 'fml:handshake' sequence 19
[14Apr2025 22:22:14.150] [Netty Epoll Server IO #1/DEBUG] [net.minecraftforge.network.LoginWrapper/FMLHANDSHAKE]: Recieved login wrapper packet event for channel fml:handshake with index 16
[14Apr2025 22:22:14.150] [Netty Epoll Server IO #1/DEBUG] [net.minecraftforge.network.HandshakeHandler/FMLHANDSHAKE]: Received client indexed reply 16 of type net.minecraftforge.network.HandshakeMessages$C2SAcknowledge
[14Apr2025 22:22:14.150] [Netty Epoll Server IO #1/DEBUG] [net.minecraftforge.network.HandshakeHandler/FMLHANDSHAKE]: Received acknowledgement from client
[14Apr2025 22:22:14.151] [Netty Epoll Server IO #1/DEBUG] [net.minecraftforge.network.LoginWrapper/FMLHANDSHAKE]: Recieved login wrapper packet event for channel fml:handshake with index 17
[14Apr2025 22:22:14.151] [Netty Epoll Server IO #1/DEBUG] [net.minecraftforge.network.HandshakeHandler/FMLHANDSHAKE]: Received client indexed reply 17 of type net.minecraftforge.network.HandshakeMessages$C2SAcknowledge
[14Apr2025 22:22:14.151] [Netty Epoll Server IO #1/DEBUG] [net.minecraftforge.network.HandshakeHandler/FMLHANDSHAKE]: Received acknowledgement from client
[14Apr2025 22:22:14.189] [Server thread/DEBUG] [net.minecraftforge.network.HandshakeHandler/FMLHANDSHAKE]: Sending ticking packet info 'Registry minecraft:entity_type' to 'fml:handshake' sequence 20
[14Apr2025 22:22:14.239] [Server thread/DEBUG] [net.minecraftforge.network.HandshakeHandler/FMLHANDSHAKE]: Sending ticking packet info 'Config forge-server.toml' to 'fml:handshake' sequence 21
[14Apr2025 22:22:14.243] [Netty Epoll Server IO #1/DEBUG] [net.minecraftforge.network.LoginWrapper/FMLHANDSHAKE]: Recieved login wrapper packet event for channel fml:handshake with index 18
[14Apr2025 22:22:14.243] [Netty Epoll Server IO #1/DEBUG] [net.minecraftforge.network.HandshakeHandler/FMLHANDSHAKE]: Received client indexed reply 18 of type net.minecraftforge.network.HandshakeMessages$C2SAcknowledge
[14Apr2025 22:22:14.243] [Netty Epoll Server IO #1/DEBUG] [net.minecraftforge.network.HandshakeHandler/FMLHANDSHAKE]: Received acknowledgement from client
[14Apr2025 22:22:14.284] [Netty Epoll Server IO #1/DEBUG] [net.minecraftforge.network.LoginWrapper/FMLHANDSHAKE]: Recieved login wrapper packet event for channel fml:handshake with index 19
[14Apr2025 22:22:14.284] [Netty Epoll Server IO #1/DEBUG] [net.minecraftforge.network.HandshakeHandler/FMLHANDSHAKE]: Received client indexed reply 19 of type net.minecraftforge.network.HandshakeMessages$C2SAcknowledge
[14Apr2025 22:22:14.284] [Netty Epoll Server IO #1/DEBUG] [net.minecraftforge.network.HandshakeHandler/FMLHANDSHAKE]: Received acknowledgement from client
[14Apr2025 22:22:15.339] [Netty Epoll Server IO #1/DEBUG] [net.minecraftforge.network.LoginWrapper/FMLHANDSHAKE]: Recieved login wrapper packet event for channel fml:handshake with index 20
[14Apr2025 22:22:15.339] [Netty Epoll Server IO #1/DEBUG] [net.minecraftforge.network.HandshakeHandler/FMLHANDSHAKE]: Received client indexed reply 20 of type net.minecraftforge.network.HandshakeMessages$C2SAcknowledge
[14Apr2025 22:22:15.339] [Netty Epoll Server IO #1/DEBUG] [net.minecraftforge.network.HandshakeHandler/FMLHANDSHAKE]: Received acknowledgement from client
[14Apr2025 22:22:15.348] [Netty Epoll Server IO #1/DEBUG] [net.minecraftforge.network.LoginWrapper/FMLHANDSHAKE]: Recieved login wrapper packet event for channel fml:handshake with index 21
[14Apr2025 22:22:15.348] [Netty Epoll Server IO #1/DEBUG] [net.minecraftforge.network.HandshakeHandler/FMLHANDSHAKE]: Received client indexed reply 21 of type net.minecraftforge.network.HandshakeMessages$C2SAcknowledge
[14Apr2025 22:22:15.348] [Netty Epoll Server IO #1/DEBUG] [net.minecraftforge.network.HandshakeHandler/FMLHANDSHAKE]: Received acknowledgement from client
[14Apr2025 22:22:15.389] [Server thread/DEBUG] [net.minecraftforge.network.HandshakeHandler/FMLHANDSHAKE]: Handshake complete!
[14Apr2025 22:22:15.484] [Server thread/INFO] [net.minecraft.server.players.PlayerList/]: Iaqocraft[/127.32.141.209:46649] logged in with entity id 10 at (-183.5, 81.0, -259.5)
[14Apr2025 22:22:15.495] [Server thread/DEBUG] [net.minecraftforge.network.filters.NetworkFilters/]: Injected net.minecraftforge.network.filters.ForgeConnectionNetworkFilter@22832e5e into net.minecraft.network.Connection@2c212379
[14Apr2025 22:22:15.601] [Server thread/INFO] [net.minecraft.server.MinecraftServer/]: Iaqocraft joined the game
[14Apr2025 22:22:37.698] [Server thread/INFO] [net.minecraft.server.MinecraftServer/]: [Iaqocraft: Set own game mode to Creative Mode]
[14Apr2025 22:22:50.524] [Server thread/INFO] [net.minecraft.server.MinecraftServer/]: [Iaqocraft: Set own game mode to Survival Mode]
[14Apr2025 22:25:05.358] [Server thread/DEBUG] [net.minecraftforge.common.ForgeHooks/WP]: Gathering id map for writing to world save Lucky Blocks Race 3
[14Apr2025 22:25:05.369] [Server thread/DEBUG] [net.minecraftforge.common.ForgeHooks/WP]: ID Map collection complete Lucky Blocks Race 3
[14Apr2025 22:25:35.708] [Server thread/INFO] [net.minecraft.server.MinecraftServer/]: [Iaqocraft: Set own game mode to Creative Mode]
[14Apr2025 22:25:37.076] [Netty Epoll Server IO #4/DEBUG] [net.minecraftforge.network.HandshakeHandler/FMLHANDSHAKE]: Starting new modded impl connection. Found 22 messages to dispatch.
[14Apr2025 22:25:38.012] [User Authenticator #2/INFO] [net.minecraft.server.network.ServerLoginPacketListenerImpl/]: UUID of player Poubasadito is a4a491d0-8fa2-4d1f-890f-81d9348d95b3
[14Apr2025 22:25:38.041] [Server thread/DEBUG] [net.minecraftforge.network.HandshakeHandler/FMLHANDSHAKE]: Sending ticking packet info 'net.minecraftforge.network.HandshakeMessages$S2CModData' to 'fml:handshake' sequence 0
[14Apr2025 22:25:38.090] [Server thread/DEBUG] [net.minecraftforge.network.HandshakeHandler/FMLHANDSHAKE]: Sending ticking packet info 'net.minecraftforge.network.HandshakeMessages$S2CModList' to 'fml:handshake' sequence 1
[14Apr2025 22:25:38.140] [Server thread/DEBUG] [net.minecraftforge.network.HandshakeHandler/FMLHANDSHAKE]: Sending ticking packet info 'Registry minecraft:command_argument_type' to 'fml:handshake' sequence 2
[14Apr2025 22:25:38.190] [Server thread/DEBUG] [net.minecraftforge.network.HandshakeHandler/FMLHANDSHAKE]: Sending ticking packet info 'Registry minecraft:recipe_serializer' to 'fml:handshake' sequence 3
[14Apr2025 22:25:38.240] [Server thread/DEBUG] [net.minecraftforge.network.HandshakeHandler/FMLHANDSHAKE]: Sending ticking packet info 'Registry minecraft:sound_event' to 'fml:handshake' sequence 4
[14Apr2025 22:25:38.290] [Server thread/DEBUG] [net.minecraftforge.network.HandshakeHandler/FMLHANDSHAKE]: Sending ticking packet info 'Registry minecraft:particle_type' to 'fml:handshake' sequence 5
[14Apr2025 22:25:38.340] [Server thread/DEBUG] [net.minecraftforge.network.HandshakeHandler/FMLHANDSHAKE]: Sending ticking packet info 'Registry minecraft:villager_profession' to 'fml:handshake' sequence 6
[14Apr2025 22:25:38.384] [Netty Epoll Server IO #4/DEBUG] [net.minecraftforge.network.LoginWrapper/FMLHANDSHAKE]: Recieved login wrapper packet event for channel fml:handshake with index 1
[14Apr2025 22:25:38.384] [Netty Epoll Server IO #4/DEBUG] [net.minecraftforge.network.HandshakeHandler/FMLHANDSHAKE]: Received client indexed reply 1 of type net.minecraftforge.network.HandshakeMessages$C2SModListReply
[14Apr2025 22:25:38.384] [Netty Epoll Server IO #4/DEBUG] [net.minecraftforge.network.HandshakeHandler/FMLHANDSHAKE]: Received client connection with modlist [minecraft, lucky, forge]
[14Apr2025 22:25:38.385] [Netty Epoll Server IO #4/DEBUG] [net.minecraftforge.network.NetworkRegistry/NETREGISTRY]: Channel 'fml:loginwrapper' : Version test of 'FML3' from client : ACCEPTED
[14Apr2025 22:25:38.385] [Netty Epoll Server IO #4/DEBUG] [net.minecraftforge.network.NetworkRegistry/NETREGISTRY]: Channel 'forge:tier_sorting' : Version test of '1.0' from client : ACCEPTED
[14Apr2025 22:25:38.385] [Netty Epoll Server IO #4/DEBUG] [net.minecraftforge.network.NetworkRegistry/NETREGISTRY]: Channel 'fml:handshake' : Version test of 'FML3' from client : ACCEPTED
[14Apr2025 22:25:38.385] [Netty Epoll Server IO #4/DEBUG] [net.minecraftforge.network.NetworkRegistry/NETREGISTRY]: Channel 'minecraft:unregister' : Version test of 'FML3' from client : ACCEPTED
[14Apr2025 22:25:38.385] [Netty Epoll Server IO #4/DEBUG] [net.minecraftforge.network.NetworkRegistry/NETREGISTRY]: Channel 'fml:play' : Version test of 'FML3' from client : ACCEPTED
[14Apr2025 22:25:38.385] [Netty Epoll Server IO #4/DEBUG] [net.minecraftforge.network.NetworkRegistry/NETREGISTRY]: Channel 'minecraft:register' : Version test of 'FML3' from client : ACCEPTED
[14Apr2025 22:25:38.385] [Netty Epoll Server IO #4/DEBUG] [net.minecraftforge.network.NetworkRegistry/NETREGISTRY]: Channel 'forge:split' : Version test of '1.1' from client : ACCEPTED
[14Apr2025 22:25:38.385] [Netty Epoll Server IO #4/DEBUG] [net.minecraftforge.network.NetworkRegistry/NETREGISTRY]: Accepting channel list from client
[14Apr2025 22:25:38.385] [Netty Epoll Server IO #4/DEBUG] [net.minecraftforge.network.HandshakeHandler/FMLHANDSHAKE]: Accepted client connection mod list
[14Apr2025 22:25:38.390] [Server thread/DEBUG] [net.minecraftforge.network.HandshakeHandler/FMLHANDSHAKE]: Sending ticking packet info 'Registry minecraft:item' to 'fml:handshake' sequence 7
[14Apr2025 22:25:38.408] [Netty Epoll Server IO #4/DEBUG] [net.minecraftforge.network.LoginWrapper/FMLHANDSHAKE]: Recieved login wrapper packet event for channel fml:handshake with index 2
[14Apr2025 22:25:38.408] [Netty Epoll Server IO #4/DEBUG] [net.minecraftforge.network.HandshakeHandler/FMLHANDSHAKE]: Received client indexed reply 2 of type net.minecraftforge.network.HandshakeMessages$C2SAcknowledge
[14Apr2025 22:25:38.408] [Netty Epoll Server IO #4/DEBUG] [net.minecraftforge.network.HandshakeHandler/FMLHANDSHAKE]: Received acknowledgement from client
[14Apr2025 22:25:38.440] [Server thread/DEBUG] [net.minecraftforge.network.HandshakeHandler/FMLHANDSHAKE]: Sending ticking packet info 'Registry minecraft:potion' to 'fml:handshake' sequence 8
[14Apr2025 22:25:38.440] [Netty Epoll Server IO #4/DEBUG] [net.minecraftforge.network.LoginWrapper/FMLHANDSHAKE]: Recieved login wrapper packet event for channel fml:handshake with index 3
[14Apr2025 22:25:38.440] [Netty Epoll Server IO #4/DEBUG] [net.minecraftforge.network.HandshakeHandler/FMLHANDSHAKE]: Received client indexed reply 3 of type net.minecraftforge.network.HandshakeMessages$C2SAcknowledge
[14Apr2025 22:25:38.440] [Netty Epoll Server IO #4/DEBUG] [net.minecraftforge.network.HandshakeHandler/FMLHANDSHAKE]: Received acknowledgement from client
[14Apr2025 22:25:38.490] [Server thread/DEBUG] [net.minecraftforge.network.HandshakeHandler/FMLHANDSHAKE]: Sending ticking packet info 'Registry minecraft:painting_variant' to 'fml:handshake' sequence 9
[14Apr2025 22:25:38.539] [Server thread/DEBUG] [net.minecraftforge.network.HandshakeHandler/FMLHANDSHAKE]: Sending ticking packet info 'Registry forge:fluid_type' to 'fml:handshake' sequence 10
[14Apr2025 22:25:38.559] [Netty Epoll Server IO #4/DEBUG] [net.minecraftforge.network.LoginWrapper/FMLHANDSHAKE]: Recieved login wrapper packet event for channel fml:handshake with index 4
[14Apr2025 22:25:38.559] [Netty Epoll Server IO #4/DEBUG] [net.minecraftforge.network.HandshakeHandler/FMLHANDSHAKE]: Received client indexed reply 4 of type net.minecraftforge.network.HandshakeMessages$C2SAcknowledge
[14Apr2025 22:25:38.559] [Netty Epoll Server IO #4/DEBUG] [net.minecraftforge.network.HandshakeHandler/FMLHANDSHAKE]: Received acknowledgement from client
[14Apr2025 22:25:38.564] [Netty Epoll Server IO #4/DEBUG] [net.minecraftforge.network.LoginWrapper/FMLHANDSHAKE]: Recieved login wrapper packet event for channel fml:handshake with index 5
[14Apr2025 22:25:38.564] [Netty Epoll Server IO #4/DEBUG] [net.minecraftforge.network.HandshakeHandler/FMLHANDSHAKE]: Received client indexed reply 5 of type net.minecraftforge.network.HandshakeMessages$C2SAcknowledge
[14Apr2025 22:25:38.564] [Netty Epoll Server IO #4/DEBUG] [net.minecraftforge.network.HandshakeHandler/FMLHANDSHAKE]: Received acknowledgement from client
[14Apr2025 22:25:38.566] [Netty Epoll Server IO #4/DEBUG] [net.minecraftforge.network.LoginWrapper/FMLHANDSHAKE]: Recieved login wrapper packet event for channel fml:handshake with index 6
[14Apr2025 22:25:38.566] [Netty Epoll Server IO #4/DEBUG] [net.minecraftforge.network.HandshakeHandler/FMLHANDSHAKE]: Received client indexed reply 6 of type net.minecraftforge.network.HandshakeMessages$C2SAcknowledge
[14Apr2025 22:25:38.566] [Netty Epoll Server IO #4/DEBUG] [net.minecraftforge.network.HandshakeHandler/FMLHANDSHAKE]: Received acknowledgement from client
[14Apr2025 22:25:38.588] [Netty Epoll Server IO #4/DEBUG] [net.minecraftforge.network.LoginWrapper/FMLHANDSHAKE]: Recieved login wrapper packet event for channel fml:handshake with index 7
[14Apr2025 22:25:38.588] [Netty Epoll Server IO #4/DEBUG] [net.minecraftforge.network.HandshakeHandler/FMLHANDSHAKE]: Received client indexed reply 7 of type net.minecraftforge.network.HandshakeMessages$C2SAcknowledge
[14Apr2025 22:25:38.588] [Netty Epoll Server IO #4/DEBUG] [net.minecraftforge.network.HandshakeHandler/FMLHANDSHAKE]: Received acknowledgement from client
[14Apr2025 22:25:38.590] [Server thread/DEBUG] [net.minecraftforge.network.HandshakeHandler/FMLHANDSHAKE]: Sending ticking packet info 'Registry minecraft:block_entity_type' to 'fml:handshake' sequence 11
[14Apr2025 22:25:38.593] [Netty Epoll Server IO #4/DEBUG] [net.minecraftforge.network.LoginWrapper/FMLHANDSHAKE]: Recieved login wrapper packet event for channel fml:handshake with index 8
[14Apr2025 22:25:38.593] [Netty Epoll Server IO #4/DEBUG] [net.minecraftforge.network.HandshakeHandler/FMLHANDSHAKE]: Received client indexed reply 8 of type net.minecraftforge.network.HandshakeMessages$C2SAcknowledge
[14Apr2025 22:25:38.593] [Netty Epoll Server IO #4/DEBUG] [net.minecraftforge.network.HandshakeHandler/FMLHANDSHAKE]: Received acknowledgement from client
[14Apr2025 22:25:38.639] [Server thread/DEBUG] [net.minecraftforge.network.HandshakeHandler/FMLHANDSHAKE]: Sending ticking packet info 'Registry forge:display_contexts' to 'fml:handshake' sequence 12
[14Apr2025 22:25:38.651] [Netty Epoll Server IO #4/DEBUG] [net.minecraftforge.network.LoginWrapper/FMLHANDSHAKE]: Recieved login wrapper packet event for channel fml:handshake with index 9
[14Apr2025 22:25:38.651] [Netty Epoll Server IO #4/DEBUG] [net.minecraftforge.network.HandshakeHandler/FMLHANDSHAKE]: Received client indexed reply 9 of type net.minecraftforge.network.HandshakeMessages$C2SAcknowledge
[14Apr2025 22:25:38.651] [Netty Epoll Server IO #4/DEBUG] [net.minecraftforge.network.HandshakeHandler/FMLHANDSHAKE]: Received acknowledgement from client
[14Apr2025 22:25:38.653] [Netty Epoll Server IO #4/DEBUG] [net.minecraftforge.network.LoginWrapper/FMLHANDSHAKE]: Recieved login wrapper packet event for channel fml:handshake with index 10
[14Apr2025 22:25:38.653] [Netty Epoll Server IO #4/DEBUG] [net.minecraftforge.network.HandshakeHandler/FMLHANDSHAKE]: Received client indexed reply 10 of type net.minecraftforge.network.HandshakeMessages$C2SAcknowledge
[14Apr2025 22:25:38.653] [Netty Epoll Server IO #4/DEBUG] [net.minecraftforge.network.HandshakeHandler/FMLHANDSHAKE]: Received acknowledgement from client
[14Apr2025 22:25:38.689] [Server thread/DEBUG] [net.minecraftforge.network.HandshakeHandler/FMLHANDSHAKE]: Sending ticking packet info 'Registry minecraft:block' to 'fml:handshake' sequence 13
[14Apr2025 22:25:38.740] [Server thread/DEBUG] [net.minecraftforge.network.HandshakeHandler/FMLHANDSHAKE]: Sending ticking packet info 'Registry forge:entity_data_serializers' to 'fml:handshake' sequence 14
[14Apr2025 22:25:38.747] [Netty Epoll Server IO #4/DEBUG] [net.minecraftforge.network.LoginWrapper/FMLHANDSHAKE]: Recieved login wrapper packet event for channel fml:handshake with index 11
[14Apr2025 22:25:38.747] [Netty Epoll Server IO #4/DEBUG] [net.minecraftforge.network.HandshakeHandler/FMLHANDSHAKE]: Received client indexed reply 11 of type net.minecraftforge.network.HandshakeMessages$C2SAcknowledge
[14Apr2025 22:25:38.747] [Netty Epoll Server IO #4/DEBUG] [net.minecraftforge.network.HandshakeHandler/FMLHANDSHAKE]: Received acknowledgement from client
[14Apr2025 22:25:38.788] [Netty Epoll Server IO #4/DEBUG] [net.minecraftforge.network.LoginWrapper/FMLHANDSHAKE]: Recieved login wrapper packet event for channel fml:handshake with index 12
[14Apr2025 22:25:38.788] [Netty Epoll Server IO #4/DEBUG] [net.minecraftforge.network.HandshakeHandler/FMLHANDSHAKE]: Received client indexed reply 12 of type net.minecraftforge.network.HandshakeMessages$C2SAcknowledge
[14Apr2025 22:25:38.788] [Netty Epoll Server IO #4/DEBUG] [net.minecraftforge.network.HandshakeHandler/FMLHANDSHAKE]: Received acknowledgement from client
[14Apr2025 22:25:38.789] [Server thread/DEBUG] [net.minecraftforge.network.HandshakeHandler/FMLHANDSHAKE]: Sending ticking packet info 'Registry minecraft:mob_effect' to 'fml:handshake' sequence 15
[14Apr2025 22:25:38.840] [Server thread/DEBUG] [net.minecraftforge.network.HandshakeHandler/FMLHANDSHAKE]: Sending ticking packet info 'Registry minecraft:stat_type' to 'fml:handshake' sequence 16
[14Apr2025 22:25:38.843] [Netty Epoll Server IO #4/DEBUG] [net.minecraftforge.network.LoginWrapper/FMLHANDSHAKE]: Recieved login wrapper packet event for channel fml:handshake with index 13
[14Apr2025 22:25:38.843] [Netty Epoll Server IO #4/DEBUG] [net.minecraftforge.network.HandshakeHandler/FMLHANDSHAKE]: Received client indexed reply 13 of type net.minecraftforge.network.HandshakeMessages$C2SAcknowledge
[14Apr2025 22:25:38.843] [Netty Epoll Server IO #4/DEBUG] [net.minecraftforge.network.HandshakeHandler/FMLHANDSHAKE]: Received acknowledgement from client
[14Apr2025 22:25:38.884] [Netty Epoll Server IO #4/DEBUG] [net.minecraftforge.network.LoginWrapper/FMLHANDSHAKE]: Recieved login wrapper packet event for channel fml:handshake with index 14
[14Apr2025 22:25:38.884] [Netty Epoll Server IO #4/DEBUG] [net.minecraftforge.network.HandshakeHandler/FMLHANDSHAKE]: Received client indexed reply 14 of type net.minecraftforge.network.HandshakeMessages$C2SAcknowledge
[14Apr2025 22:25:38.884] [Netty Epoll Server IO #4/DEBUG] [net.minecraftforge.network.HandshakeHandler/FMLHANDSHAKE]: Received acknowledgement from client
[14Apr2025 22:25:38.890] [Server thread/DEBUG] [net.minecraftforge.network.HandshakeHandler/FMLHANDSHAKE]: Sending ticking packet info 'Registry minecraft:menu' to 'fml:handshake' sequence 17
[14Apr2025 22:25:38.939] [Server thread/DEBUG] [net.minecraftforge.network.HandshakeHandler/FMLHANDSHAKE]: Sending ticking packet info 'Registry minecraft:enchantment' to 'fml:handshake' sequence 18
[14Apr2025 22:25:38.989] [Server thread/DEBUG] [net.minecraftforge.network.HandshakeHandler/FMLHANDSHAKE]: Sending ticking packet info 'Registry minecraft:fluid' to 'fml:handshake' sequence 19
[14Apr2025 22:25:39.006] [Netty Epoll Server IO #4/DEBUG] [net.minecraftforge.network.LoginWrapper/FMLHANDSHAKE]: Recieved login wrapper packet event for channel fml:handshake with index 15
[14Apr2025 22:25:39.006] [Netty Epoll Server IO #4/DEBUG] [net.minecraftforge.network.HandshakeHandler/FMLHANDSHAKE]: Received client indexed reply 15 of type net.minecraftforge.network.HandshakeMessages$C2SAcknowledge
[14Apr2025 22:25:39.006] [Netty Epoll Server IO #4/DEBUG] [net.minecraftforge.network.HandshakeHandler/FMLHANDSHAKE]: Received acknowledgement from client
[14Apr2025 22:25:39.040] [Server thread/DEBUG] [net.minecraftforge.network.HandshakeHandler/FMLHANDSHAKE]: Sending ticking packet info 'Registry minecraft:entity_type' to 'fml:handshake' sequence 20
[14Apr2025 22:25:39.040] [Netty Epoll Server IO #4/DEBUG] [net.minecraftforge.network.LoginWrapper/FMLHANDSHAKE]: Recieved login wrapper packet event for channel fml:handshake with index 16
[14Apr2025 22:25:39.040] [Netty Epoll Server IO #4/DEBUG] [net.minecraftforge.network.HandshakeHandler/FMLHANDSHAKE]: Received client indexed reply 16 of type net.minecraftforge.network.HandshakeMessages$C2SAcknowledge
[14Apr2025 22:25:39.040] [Netty Epoll Server IO #4/DEBUG] [net.minecraftforge.network.HandshakeHandler/FMLHANDSHAKE]: Received acknowledgement from client
[14Apr2025 22:25:39.081] [Netty Epoll Server IO #4/DEBUG] [net.minecraftforge.network.LoginWrapper/FMLHANDSHAKE]: Recieved login wrapper packet event for channel fml:handshake with index 17
[14Apr2025 22:25:39.081] [Netty Epoll Server IO #4/DEBUG] [net.minecraftforge.network.HandshakeHandler/FMLHANDSHAKE]: Received client indexed reply 17 of type net.minecraftforge.network.HandshakeMessages$C2SAcknowledge
[14Apr2025 22:25:39.081] [Netty Epoll Server IO #4/DEBUG] [net.minecraftforge.network.HandshakeHandler/FMLHANDSHAKE]: Received acknowledgement from client
[14Apr2025 22:25:39.081] [Netty Epoll Server IO #4/DEBUG] [net.minecraftforge.network.LoginWrapper/FMLHANDSHAKE]: Recieved login wrapper packet event for channel fml:handshake with index 18
[14Apr2025 22:25:39.081] [Netty Epoll Server IO #4/DEBUG] [net.minecraftforge.network.HandshakeHandler/FMLHANDSHAKE]: Received client indexed reply 18 of type net.minecraftforge.network.HandshakeMessages$C2SAcknowledge
[14Apr2025 22:25:39.081] [Netty Epoll Server IO #4/DEBUG] [net.minecraftforge.network.HandshakeHandler/FMLHANDSHAKE]: Received acknowledgement from client
[14Apr2025 22:25:39.090] [Server thread/DEBUG] [net.minecraftforge.network.HandshakeHandler/FMLHANDSHAKE]: Sending ticking packet info 'Config forge-server.toml' to 'fml:handshake' sequence 21
[14Apr2025 22:25:39.138] [Netty Epoll Server IO #4/DEBUG] [net.minecraftforge.network.LoginWrapper/FMLHANDSHAKE]: Recieved login wrapper packet event for channel fml:handshake with index 19
[14Apr2025 22:25:39.138] [Netty Epoll Server IO #4/DEBUG] [net.minecraftforge.network.HandshakeHandler/FMLHANDSHAKE]: Received client indexed reply 19 of type net.minecraftforge.network.HandshakeMessages$C2SAcknowledge
[14Apr2025 22:25:39.138] [Netty Epoll Server IO #4/DEBUG] [net.minecraftforge.network.HandshakeHandler/FMLHANDSHAKE]: Received acknowledgement from client
[14Apr2025 22:25:40.494] [Server thread/INFO] [net.minecraft.server.MinecraftServer/]: [Iaqocraft: Set own game mode to Survival Mode]
[14Apr2025 22:25:40.948] [Netty Epoll Server IO #4/DEBUG] [net.minecraftforge.network.LoginWrapper/FMLHANDSHAKE]: Recieved login wrapper packet event for channel fml:handshake with index 20
[14Apr2025 22:25:40.948] [Netty Epoll Server IO #4/DEBUG] [net.minecraftforge.network.HandshakeHandler/FMLHANDSHAKE]: Received client indexed reply 20 of type net.minecraftforge.network.HandshakeMessages$C2SAcknowledge
[14Apr2025 22:25:40.948] [Netty Epoll Server IO #4/DEBUG] [net.minecraftforge.network.HandshakeHandler/FMLHANDSHAKE]: Received acknowledgement from client
[14Apr2025 22:25:40.962] [Netty Epoll Server IO #4/DEBUG] [net.minecraftforge.network.LoginWrapper/FMLHANDSHAKE]: Recieved login wrapper packet event for channel fml:handshake with index 21
[14Apr2025 22:25:40.962] [Netty Epoll Server IO #4/DEBUG] [net.minecraftforge.network.HandshakeHandler/FMLHANDSHAKE]: Received client indexed reply 21 of type net.minecraftforge.network.HandshakeMessages$C2SAcknowledge
[14Apr2025 22:25:40.962] [Netty Epoll Server IO #4/DEBUG] [net.minecraftforge.network.HandshakeHandler/FMLHANDSHAKE]: Received acknowledgement from client
[14Apr2025 22:25:40.990] [Server thread/DEBUG] [net.minecraftforge.network.HandshakeHandler/FMLHANDSHAKE]: Handshake complete!
[14Apr2025 22:25:41.043] [Server thread/INFO] [net.minecraft.server.players.PlayerList/]: Poubasadito[/127.222.186.46:43967] logged in with entity id 16 at (-187.5, 81.0, -260.5)
[14Apr2025 22:25:41.044] [Server thread/DEBUG] [net.minecraftforge.network.filters.NetworkFilters/]: Injected net.minecraftforge.network.filters.ForgeConnectionNetworkFilter@41b951b5 into net.minecraft.network.Connection@112f0282
[14Apr2025 22:25:41.065] [Server thread/INFO] [net.minecraft.server.MinecraftServer/]: Poubasadito joined the game
[14Apr2025 22:26:03.274] [Server thread/INFO] [net.minecraft.server.MinecraftServer/]: [Iaqocraft: Gamerule keepInventory is now set to: true]
[14Apr2025 22:26:22.700] [Server thread/INFO] [net.minecraft.server.MinecraftServer/]: [Iaqocraft: Set own game mode to Creative Mode]
[14Apr2025 22:26:25.180] [Server thread/INFO] [net.minecraft.server.MinecraftServer/]: [Iaqocraft: Set own game mode to Survival Mode]
[14Apr2025 22:26:48.808] [Server thread/INFO] [mod.lucky.forge.ForgeLuckyRegistry/]: Chosen Lucky Drop: ID=#randList(dandelion,poppy,blue_orchid,allium,azure_bluet,pink_tulip,oxeye_daisy),amount=64@luck=0
[14Apr2025 22:26:51.272] [Server thread/INFO] [mod.lucky.forge.ForgeLuckyRegistry/]: Chosen Lucky Drop: group(ID=stone_sword;ID=stone_shovel;ID=stone_pickaxe;ID=stone_axe;ID=stone_hoe)@luck=0
[14Apr2025 22:26:52.392] [Server thread/INFO] [net.minecraft.server.MinecraftServer/]: Iaqocraft has made the advancement [Getting an Upgrade]
[14Apr2025 22:26:56.748] [Server thread/INFO] [mod.lucky.forge.ForgeLuckyRegistry/]: Chosen Lucky Drop: ID=nether_star@luck=2
[14Apr2025 22:27:00.124] [Server thread/INFO] [mod.lucky.forge.ForgeLuckyRegistry/]: Chosen Lucky Drop: group(type=structure,ID=wishing_well;type=message,ID="A wishing well? Maybe you should throw in a coin...";type=command,ID=/give #pName gold_nugget{display:{Name:"{\"text\":\"Coin\",\"color\":\"gold\"}"}};type=block,ID=lucky:lucky_block,posY=#bPosY-3,NBTTag=(Drops=["group(type=message,ID=\"$eYour wish came true! (If you like potatoes)\";type=block,ID=air,posY='#'bPosY+3;type=block,ID=beacon,posY='#'bPosY+2;ID=potato,amount=128,posY='#'bPosY+10,posOffset='#'circleOffset(2);ID=baked_potato,amount=64,posY='#'bPosY+10,posOffset='#'circleOffset(2);ID=poisonous_potato,amount=32,posY='#'bPosY+10,posOffset='#'circleOffset(2))"]))@luck=1
[14Apr2025 22:27:03.492] [Server thread/INFO] [mod.lucky.forge.ForgeLuckyRegistry/]: Chosen Lucky Drop: group(type=message,ID="Your wish came true! (If you like potatoes)";type=block,ID=air,posY=#bPosY+3;type=block,ID=beacon,posY=#bPosY+2;ID=potato,amount=128,posY=#bPosY+10,posOffset=#circleOffset(2);ID=baked_potato,amount=64,posY=#bPosY+10,posOffset=#circleOffset(2);ID=poisonous_potato,amount=32,posY=#bPosY+10,posOffset=#circleOffset(2))
[14Apr2025 22:27:07.190] [Server thread/INFO] [net.minecraft.server.MinecraftServer/]: Poubasadito has made the advancement [Bring Home the Beacon]
[14Apr2025 22:27:07.191] [Server thread/INFO] [net.minecraft.server.MinecraftServer/]: Iaqocraft has made the advancement [Bring Home the Beacon]
[14Apr2025 22:27:13.671] [Server thread/INFO] [mod.lucky.forge.ForgeLuckyRegistry/]: Chosen Lucky Drop: group(ID=prismarine,amount=#rand(4,8);ID=prismarine,damage=1,amount=#rand(4,8);ID=prismarine,damage=2,amount=#rand(4,8);ID=sea_lantern,amount=#rand(4,8);ID=prismarine_shard,amount=#rand(15,30);ID=prismarine_crystals,amount=#rand(10,20);type=particle,ID=splashpotion,potion="invisibility")@luck=1
[14Apr2025 22:27:15.322] [Server thread/INFO] [mod.lucky.forge.ForgeLuckyRegistry/]: Chosen Lucky Drop: ID=obsidian,amount=14@luck=1
[14Apr2025 22:27:15.791] [Server thread/INFO] [net.minecraft.server.MinecraftServer/]: Iaqocraft has made the advancement [Ice Bucket Challenge]
[14Apr2025 22:27:18.660] [Server thread/INFO] [mod.lucky.forge.ForgeLuckyRegistry/]: Chosen Lucky Drop: group(type=difficulty,ID=hard;type=entity,ID=zombie,NBTTag=(HandItems=[(id=diamond_sword,Count=1,tag=(Enchantments=#luckySwordEnchantments))],ArmorItems=[(id=diamond_boots,Count=1,tag=(Enchantments=#luckyBootsEnchantments)),(id=diamond_leggings,Count=1,tag=(Enchantments=#luckyLeggingsEnchantments)),(id=diamond_chestplate,Count=1,tag=(Enchantments=#luckyChestplateEnchantments)),(id=diamond_helmet,Count=1,tag=(Enchantments=#luckyHelmetEnchantments))],HandDropChances=[0.5f,0f],ArmorDropChances=[0.3f,0.3f,0.3f,0.3f],CustomName=#jsonStr(text="Bob",color=blue,bold=true),CustomNameVisible=true))@luck=-2
[14Apr2025 22:27:18.668] [Server thread/DEBUG] [io.netty.util.internal.ThreadLocalRandom/]: -Dio.netty.initialSeedUniquifier: 0xdb06e612e8b519d3
[14Apr2025 22:27:20.730] [Server thread/INFO] [mod.lucky.forge.ForgeLuckyRegistry/]: Chosen Lucky Drop: ID=rotten_flesh@luck=-1
[14Apr2025 22:27:46.791] [Server thread/INFO] [net.minecraft.server.MinecraftServer/]: Iaqocraft was slain by Bob
[14Apr2025 22:28:02.809] [Server thread/INFO] [net.minecraft.server.MinecraftServer/]: [Iaqocraft: Set own game mode to Creative Mode]
[14Apr2025 22:28:43.340] [Server thread/INFO] [net.minecraft.server.MinecraftServer/]: [Iaqocraft: Set own game mode to Adventure Mode]
[14Apr2025 22:28:51.090] [Server thread/INFO] [mod.lucky.forge.ForgeLuckyRegistry/]: Chosen Lucky Drop: type=structure,ID=giant_lucky_block_good,rotation=#pDirect@luck=2
[14Apr2025 22:28:53.249] [Server thread/INFO] [mod.lucky.forge.ForgeLuckyRegistry/]: Chosen Lucky Drop: group(group(ID=giant_block_break_stage_1;ID=giant_block_break_stage_2,delay=1;ID=giant_block_break_stage_3,delay=2;ID=giant_block_break_stage_4,delay=3;ID=giant_block_break_stage_5,delay=4),type=structure,pos=[-236.5,82.0,-285.5],rotation=0;type=fill,ID=air,pos=[-241,82,-293],pos2=[-234,89,-286],delay=5;type=entity,ID=firework_rocket,pos=[-237,86,-289],posOffset=(#rand(-4,4),#rand(-4,4),#rand(-4,4)),amount=50,NBTTag=(LifeTime=5,FireworksItem=(id=firework_rocket,Count=1,tag=#randFireworksRocket)),delay=5;group(ID=iron_ingot;ID=gold_ingot;ID=diamond;ID=emerald),pos=[-237,86,-289],amount=#rand(16,24),delay=5)
[14Apr2025 22:29:00.241] [Server thread/INFO] [net.minecraft.server.MinecraftServer/]: Poubasadito has made the advancement [Diamonds!]
[14Apr2025 22:29:00.243] [Server thread/INFO] [net.minecraft.server.MinecraftServer/]: Poubasadito has made the advancement [Acquire Hardware]
[14Apr2025 22:29:08.655] [Server thread/INFO] [net.minecraft.server.MinecraftServer/]: [Iaqocraft: Set own game mode to Survival Mode]
[14Apr2025 22:29:09.517] [Server thread/INFO] [mod.lucky.forge.ForgeLuckyRegistry/]: Chosen Lucky Drop: ID=stick@luck=-1
[14Apr2025 22:29:16.173] [Server thread/INFO] [mod.lucky.forge.ForgeLuckyRegistry/]: Chosen Lucky Drop: group(ID=quartz_slab,amount=#rand(4,8);ID=nether_quartz_ore,amount=#rand(16,32);ID=quartz_block,amount=#rand(4,8);ID=quartz_block,damage=1,amount=#rand(4,8);ID=quartz_block,damage=2,amount=#rand(4,8);ID=quartz_stairs,amount=#rand(4,8);ID=quartz,amount=#rand(24,32);type=particle,ID=splashpotion,potion="invisibility")@luck=1
[14Apr2025 22:29:18.457] [Server thread/INFO] [mod.lucky.forge.ForgeLuckyRegistry/]: Chosen Lucky Drop: ID=beacon@luck=2
[14Apr2025 22:29:21.665] [Server thread/INFO] [mod.lucky.forge.ForgeLuckyRegistry/]: Chosen Lucky Drop: type=entity,ID=pig,NBTTag=(Passengers=[(id=pig,Passengers=[(id=pig,Passengers=[(id=pig,Passengers=[(id=pig,Passengers=[(id=pig,Passengers=[(id=pig,Passengers=[(id=pig,Passengers=[(id=villager,VillagerData=(profession=nitwit))])])])])])])])])@luck=0
[14Apr2025 22:29:27.254] [Server thread/INFO] [mod.lucky.forge.ForgeLuckyRegistry/]: Chosen Lucky Drop: group(ID=golden_helmet;ID=golden_chestplate;ID=golden_leggings;ID=golden_boots;ID=golden_horse_armor)@luck=1
[14Apr2025 22:29:30.573] [Server thread/INFO] [mod.lucky.forge.ForgeLuckyRegistry/]: Chosen Lucky Drop: type=entity,ID=#randList(horse,skeleton_horse,zombie_horse),amount=12,posOffset=#circleOffset(4),NBTTag=(Tame=true,Owner=#pUUIDArray)@luck=1
[14Apr2025 22:29:34.542] [Server thread/INFO] [mod.lucky.forge.ForgeLuckyRegistry/]: Chosen Lucky Drop: type=item,ID=lucky:lucky_bow@chance=1.5@luck=2
[14Apr2025 22:29:34.557] [Server thread/INFO] [mod.lucky.forge.ForgeLuckyRegistry/]: Chosen Lucky Drop: group:1:(group(ID=porkchop,amount=#rand(8,16);ID=cooked_porkchop,amount=#rand(4,8));group(ID=salmon,amount=#rand(8,16);ID=cooked_salmon,amount=#rand(4,8));group(ID=beef,amount=#rand(8,16);ID=cooked_beef,amount=#rand(4,8));group(ID=chicken,amount=#rand(8,16);ID=cooked_chicken,amount=#rand(4,8));group(ID=mutton,amount=#rand(8,16);ID=cooked_mutton,amount=#rand(4,8));group(ID=rabbit,amount=#rand(8,16);ID=cooked_rabbit,amount=#rand(4,8)))@luck=1
[14Apr2025 22:29:37.071] [Server thread/INFO] [mod.lucky.forge.ForgeLuckyRegistry/]: Chosen Lucky Drop: type=item,ID=lucky:lucky_sword@chance=1.5@luck=2
[14Apr2025 22:29:40.802] [Server thread/INFO] [mod.lucky.forge.ForgeLuckyRegistry/]: Chosen Lucky Drop: type=item,ID=lucky:lucky_potion,NBTTag=(Luck=#randList(100,-100)),amount=#rand(10,15)@chance=1.5@luck=2
[14Apr2025 22:29:43.741] [Server thread/INFO] [mod.lucky.forge.ForgeLuckyRegistry/]: Chosen Lucky Drop: group(type=effect,ID=strength,range=4,amplifier=1,duration=600;type=effect,ID=resistance,range=4,amplifier=1,duration=600;type=particle,ID=splashpotion,potion=strength;type=item,ID=iron_sword,posOffset=#circleOffset(0.0,2.0);type=item,ID=iron_helmet,posOffset=#circleOffset(0.0,2.0);type=item,ID=iron_chestplate,posOffset=#circleOffset(0.0,2.0);type=item,ID=iron_leggings,posOffset=#circleOffset(0.0,2.0);type=item,ID=iron_boots,posOffset=#circleOffset(0.0,2.0))@luck=2
[14Apr2025 22:29:43.941] [Server thread/INFO] [mod.lucky.forge.ForgeLuckyRegistry/]: Chosen Lucky Drop: group(type=effect,ID=health_boost,range=4,amplifier=1,duration=600;type=effect,ID=absorption,range=4,amplifier=1,duration=600;type=particle,ID=splashpotion,potion=healing;type=entity,ID=horse,NBTTag=(OwnerUUID=#pUUID,ArmorItem=(id=golden_horse_armor,Count=1),SaddleItem=(id=saddle,Count=1)))@luck=2
[14Apr2025 22:29:43.991] [Server thread/INFO] [mod.lucky.forge.ForgeLuckyRegistry/]: Chosen Lucky Drop: group(type=effect,ID=saturation,range=4,amplifier=3,duration=600;type=particle,ID=splashpotion,potion=strength;type=block,ID=cake;type=item,ID=#randList(apple,baked_potato,bread,carrot,cooked_chicken,cooked_salmon,cooked_mutton,cooked_porkchop,cooked_beef,cooked_rabbit,cookie,golden_apple,golden_carrot,melon,mushroom_stew,potato,pumpkin_pie,rabbit_stew,beef,salmon,mutton,porkchop),amount=20)@luck=2
[14Apr2025 22:29:44.174] [Server thread/INFO] [mod.lucky.forge.ForgeLuckyRegistry/]: Chosen Lucky Drop: type=nothing@luck=0@chance=24
[14Apr2025 22:29:44.242] [Server thread/INFO] [net.minecraft.server.MinecraftServer/]: Iaqocraft has made the advancement [Suit Up]
[14Apr2025 22:29:44.841] [Server thread/INFO] [mod.lucky.forge.ForgeLuckyRegistry/]: Chosen Lucky Drop: group(type=effect,ID=invisibility,range=4,duration=300;type=particle,ID=splashpotion,potion=invisibility;type=particle,ID=poof,size=(2.0,1.0,2.0),particleAmount=300,amount=30,delay=#rand(0.0,8.0))@luck=2
[14Apr2025 22:29:44.941] [Server thread/INFO] [mod.lucky.forge.ForgeLuckyRegistry/]: Chosen Lucky Drop: type=entity,ID=experience_bottle,NBTTag=(Motion=#motionFromDirection(#rand(0,360),-70,0.4)),amount=#rand(20,30)@luck=2
[14Apr2025 22:29:45.191] [Server thread/INFO] [mod.lucky.forge.ForgeLuckyRegistry/]: Chosen Lucky Drop: group(type=effect,ID=strength,range=4,amplifier=1,duration=600;type=effect,ID=resistance,range=4,amplifier=1,duration=600;type=particle,ID=splashpotion,potion=strength;type=item,ID=iron_sword,posOffset=#circleOffset(0.0,2.0);type=item,ID=iron_helmet,posOffset=#circleOffset(0.0,2.0);type=item,ID=iron_chestplate,posOffset=#circleOffset(0.0,2.0);type=item,ID=iron_leggings,posOffset=#circleOffset(0.0,2.0);type=item,ID=iron_boots,posOffset=#circleOffset(0.0,2.0))@luck=2
[14Apr2025 22:29:45.397] [Server thread/INFO] [mod.lucky.forge.ForgeLuckyRegistry/]: Chosen Lucky Drop: group(type=item,ID=anvil;ID=enchanted_book,NBTTag=(StoredEnchantments=#randEnchantment),posOffset=#circleOffset(0.0,2.0),amount=#rand(7,10);type=particle,ID=splashpotion,potion=strength)@luck=2
[14Apr2025 22:29:45.703] [Server thread/INFO] [net.minecraft.server.MinecraftServer/]: Poubasadito has made the advancement [Suit Up]
[14Apr2025 22:29:58.263] [Server thread/INFO] [mod.lucky.forge.ForgeLuckyRegistry/]: Chosen Lucky Drop: type=nothing@luck=0@chance=24
[14Apr2025 22:30:02.061] [Server thread/INFO] [mod.lucky.forge.ForgeLuckyRegistry/]: Chosen Lucky Drop: group(type=effect,ID=special_knockback,range=6,excludePlayer=true,power=1.8,pos=#pPos,delay=0.1;type=particle,ID=poof,size=(1.0,0.3,1.0),particleAmount=500,pos=#pExactPos)@luck=2
[14Apr2025 22:30:04.655] [Server thread/INFO] [net.minecraft.server.MinecraftServer/]: Poubasadito was slain by Iaqocraft
[14Apr2025 22:30:04.657] [Server thread/INFO] [mod.lucky.forge.ForgeLuckyRegistry/]: Chosen Lucky Drop: group(type=effect,ID=special_knockback,target=hitEntity,directionPitch=-90,power=1.3,delay=0.1;type=particle,ID=poof,size=(0.5,0.5,0.5),particleAmount=500)@luck=2
[14Apr2025 22:30:05.360] [Server thread/DEBUG] [net.minecraftforge.common.ForgeHooks/WP]: Gathering id map for writing to world save Lucky Blocks Race 3
[14Apr2025 22:30:05.366] [Server thread/DEBUG] [net.minecraftforge.common.ForgeHooks/WP]: ID Map collection complete Lucky Blocks Race 3
[14Apr2025 22:30:08.340] [Server thread/INFO] [mod.lucky.forge.ForgeLuckyRegistry/]: Chosen Lucky Drop: group(type=effect,ID=strength,range=4,amplifier=1,duration=600;type=effect,ID=resistance,range=4,amplifier=1,duration=600;type=particle,ID=splashpotion,potion=strength;type=item,ID=iron_sword,posOffset=#circleOffset(0.0,2.0);type=item,ID=iron_helmet,posOffset=#circleOffset(0.0,2.0);type=item,ID=iron_chestplate,posOffset=#circleOffset(0.0,2.0);type=item,ID=iron_leggings,posOffset=#circleOffset(0.0,2.0);type=item,ID=iron_boots,posOffset=#circleOffset(0.0,2.0))@luck=2
[14Apr2025 22:30:08.342] [Server thread/INFO] [mod.lucky.forge.ForgeLuckyRegistry/]: Chosen Lucky Drop: group(type=effect,ID=speed,range=4,amplifier=2,duration=600;type=particle,ID=splashpotion,potion=swiftness;type=item,ID=#randList(cookie,sugar),posOffset=#circleOffset(0.0,2.0),amount=30)@luck=2
[14Apr2025 22:30:08.690] [Server thread/INFO] [mod.lucky.forge.ForgeLuckyRegistry/]: Chosen Lucky Drop: group(type=effect,ID=speed,range=4,amplifier=2,duration=600;type=particle,ID=splashpotion,potion=swiftness;type=item,ID=#randList(cookie,sugar),posOffset=#circleOffset(0.0,2.0),amount=30)@luck=2
[14Apr2025 22:30:26.008] [Server thread/INFO] [mod.lucky.forge.ForgeLuckyRegistry/]: Chosen Lucky Drop: type=entity,ID=lucky:lucky_projectile,pos=#pExactPos,posOffsetY=1.5,NBTTag=(Motion=#motionFromDirection(#pYaw,#pPitch,1.5),item=(id=cobweb,Count=1),impact=["type=fill,ID=cobweb,size=(2,2,2)"])@luck=2@chance=0.5
[14Apr2025 22:30:26.091] [Server thread/INFO] [mod.lucky.forge.ForgeLuckyRegistry/]: Chosen Lucky Drop: type=fill,ID=cobweb,size=(2,2,2)
[14Apr2025 22:30:26.960] [Server thread/INFO] [mod.lucky.forge.ForgeLuckyRegistry/]: Chosen Lucky Drop: type=nothing@luck=0@chance=24
[14Apr2025 22:30:28.010] [Server thread/INFO] [mod.lucky.forge.ForgeLuckyRegistry/]: Chosen Lucky Drop: type=nothing@luck=0@chance=24
[14Apr2025 22:30:33.240] [Server thread/INFO] [mod.lucky.forge.ForgeLuckyRegistry/]: Chosen Lucky Drop: group(type=effect,ID=poison,range=4,duration=30;type=particle,ID=splashpotion,potion=poison;type=difficulty,ID=hard;type=entity,ID=cave_spider;type=item,ID=#randList(rotten_flesh,spider_eye,fermented_spider_eye),posOffset=#circleOffset(0.0,2.0),amount=30)@luck=-2
[14Apr2025 22:30:43.958] [Server thread/INFO] [net.minecraft.server.MinecraftServer/]: [Poubasadito: Set own game mode to Creative Mode]
[14Apr2025 22:30:52.004] [Server thread/INFO] [net.minecraft.server.MinecraftServer/]: [Poubasadito: Set own game mode to Survival Mode]
[14Apr2025 22:30:53.046] [Server thread/INFO] [mod.lucky.forge.ForgeLuckyRegistry/]: Chosen Lucky Drop: ID=beacon@luck=2
[14Apr2025 22:30:53.241] [Server thread/INFO] [net.minecraft.server.MinecraftServer/]: [Iaqocraft: Set own game mode to Adventure Mode]
[14Apr2025 22:31:00.050] [Server thread/INFO] [mod.lucky.forge.ForgeLuckyRegistry/]: Chosen Lucky Drop: group(ID=fishing_rod;ID=#randList(cod,pufferfish,salmon,tropical_fish),amount=#rand(10,20))@luck=1
[14Apr2025 22:31:01.856] [Server thread/INFO] [mod.lucky.forge.ForgeLuckyRegistry/]: Chosen Lucky Drop: group(group:1:(ID=#randColor_wool,amount=#rand(32,64);ID=#randColor_terracotta,amount=#rand(32,64);ID=#randColor_dye,amount=#rand(32,64));type=particle,ID=splashpotion,potion=#randPotion,amount=10)@luck=1
[14Apr2025 22:31:06.500] [Server thread/INFO] [net.minecraft.server.MinecraftServer/]: [Iaqocraft: Set own game mode to Survival Mode]
[14Apr2025 22:31:07.355] [Server thread/INFO] [mod.lucky.forge.ForgeLuckyRegistry/]: Chosen Lucky Drop: group(type=fill,ID=air,size=(1,8,1);type=entity,ID=falling_block,posY=#bPosY+7,NBTTag=(BlockState=(Name=emerald_block));type=particle,ID=happy_villager,size=(1,2,1),particleAmount=500;type=sound,ID=block.grass.break)@luck=0
[14Apr2025 22:31:15.366] [Server thread/INFO] [mod.lucky.forge.ForgeLuckyRegistry/]: Chosen Lucky Drop: type=item,ID=lucky:lucky_potion,NBTTag=(Luck=#randList(100,-100)),amount=#rand(10,15)@chance=1.5@luck=2
[14Apr2025 22:31:27.540] [Server thread/INFO] [mod.lucky.forge.ForgeLuckyRegistry/]: Chosen Lucky Drop: group(type=block,ID=fire,posOffset=#circleOffset(0,3),amount=50;type=block,ID=flowing_lava;type=particle,ID=splashpotion,potion=fire_resistance)@luck=-2
[14Apr2025 22:31:31.041] [Server thread/INFO] [mod.lucky.forge.ForgeLuckyRegistry/]: Chosen Lucky Drop: group(type=effect,ID=wither,range=4,duration=30;type=particle,ID=splashpotion,potion=weakness;type=item,ID=bone,posOffset=#circleOffset(0.0,2.0),amount=10;type=item,ID=bone_meal,posOffset=#circleOffset(0.0,2.0),amount=10;type=item,ID=skeleton_skull,posOffset=#circleOffset(0.0,2.0))@luck=-2
[14Apr2025 22:31:35.441] [Server thread/INFO] [mod.lucky.forge.ForgeLuckyRegistry/]: Chosen Lucky Drop: group(type=effect,ID=invisibility,range=4,duration=300;type=particle,ID=splashpotion,potion=invisibility;type=particle,ID=poof,size=(2.0,1.0,2.0),particleAmount=300,amount=30,delay=#rand(0.0,8.0))@luck=2
[14Apr2025 22:31:35.940] [Server thread/INFO] [mod.lucky.forge.ForgeLuckyRegistry/]: Chosen Lucky Drop: type=entity,ID=experience_bottle,NBTTag=(Motion=#motionFromDirection(#rand(0,360),-70,0.4)),amount=#rand(20,30)@luck=2
[14Apr2025 22:31:36.542] [Server thread/INFO] [mod.lucky.forge.ForgeLuckyRegistry/]: Chosen Lucky Drop: type=entity,ID=experience_bottle,NBTTag=(Motion=#motionFromDirection(#rand(0,360),-70,0.4)),amount=#rand(20,30)@luck=2
[14Apr2025 22:31:40.791] [Server thread/INFO] [mod.lucky.forge.ForgeLuckyRegistry/]: Chosen Lucky Drop: group(type=effect,ID=saturation,range=4,amplifier=3,duration=600;type=particle,ID=splashpotion,potion=strength;type=block,ID=cake;type=item,ID=#randList(apple,baked_potato,bread,carrot,cooked_chicken,cooked_salmon,cooked_mutton,cooked_porkchop,cooked_beef,cooked_rabbit,cookie,golden_apple,golden_carrot,melon,mushroom_stew,potato,pumpkin_pie,rabbit_stew,beef,salmon,mutton,porkchop),amount=20)@luck=2
[14Apr2025 22:31:40.941] [Server thread/INFO] [mod.lucky.forge.ForgeLuckyRegistry/]: Chosen Lucky Drop: group(type=entity,ID=potion,NBTTag=(Item=(id=splash_potion,tag=(Potion=#randList(night_vision,leaping,fire_resistance,swiftness,water_breathing,healing,regeneration,strength)),Count=1),Motion=#motionFromDirection(#rand(0,360),-70,0.4)),amount=10)@luck=2
[14Apr2025 22:31:41.142] [Server thread/INFO] [mod.lucky.forge.ForgeLuckyRegistry/]: Chosen Lucky Drop: group(type=effect,ID=invisibility,range=4,duration=300;type=particle,ID=splashpotion,potion=invisibility;type=particle,ID=poof,size=(2.0,1.0,2.0),particleAmount=300,amount=30,delay=#rand(0.0,8.0))@luck=2
[14Apr2025 22:31:41.341] [Server thread/INFO] [mod.lucky.forge.ForgeLuckyRegistry/]: Chosen Lucky Drop: group(type=item,ID=anvil;ID=enchanted_book,NBTTag=(StoredEnchantments=#randEnchantment),posOffset=#circleOffset(0.0,2.0),amount=#rand(7,10);type=particle,ID=splashpotion,potion=strength)@luck=2
[14Apr2025 22:31:41.542] [Server thread/INFO] [mod.lucky.forge.ForgeLuckyRegistry/]: Chosen Lucky Drop: group(type=effect,ID=saturation,range=4,amplifier=3,duration=600;type=particle,ID=splashpotion,potion=strength;type=block,ID=cake;type=item,ID=#randList(apple,baked_potato,bread,carrot,cooked_chicken,cooked_salmon,cooked_mutton,cooked_porkchop,cooked_beef,cooked_rabbit,cookie,golden_apple,golden_carrot,melon,mushroom_stew,potato,pumpkin_pie,rabbit_stew,beef,salmon,mutton,porkchop),amount=20)@luck=2
[14Apr2025 22:31:41.691] [Server thread/INFO] [mod.lucky.forge.ForgeLuckyRegistry/]: Chosen Lucky Drop: group(type=entity,ID=potion,NBTTag=(Item=(id=splash_potion,tag=(Potion=#randList(night_vision,leaping,fire_resistance,swiftness,water_breathing,healing,regeneration,strength)),Count=1),Motion=#motionFromDirection(#rand(0,360),-70,0.4)),amount=10)@luck=2
[14Apr2025 22:31:51.360] [Server thread/INFO] [mod.lucky.forge.ForgeLuckyRegistry/]: Chosen Lucky Drop: type=entity,ID=pig,NBTTag=(Passengers=[(id=pig,Passengers=[(id=pig,Passengers=[(id=pig,Passengers=[(id=pig,Passengers=[(id=pig,Passengers=[(id=pig,Passengers=[(id=pig,Passengers=[(id=villager,VillagerData=(profession=nitwit))])])])])])])])])@luck=0
[14Apr2025 22:31:53.814] [Server thread/INFO] [mod.lucky.forge.ForgeLuckyRegistry/]: Chosen Lucky Drop: group(type=effect,ID=special_fire,range=4,excludePlayer=true,duration=#rand(5,10);type=particle,ID=flame,pos=#pExactPos,size=(1.0,0.3,1.0),particleAmount=2000)@luck=2
[14Apr2025 22:31:54.447] [Server thread/INFO] [mod.lucky.forge.ForgeLuckyRegistry/]: Chosen Lucky Drop: ID=end_portal_frame,amount=#rand(2,6)@luck=2
[14Apr2025 22:31:55.366] [Server thread/INFO] [mod.lucky.forge.ForgeLuckyRegistry/]: Chosen Lucky Drop: type=nothing@luck=0@chance=24
[14Apr2025 22:31:57.055] [Server thread/INFO] [mod.lucky.forge.ForgeLuckyRegistry/]: Chosen Lucky Drop: type=nothing@luck=0@chance=24
[14Apr2025 22:31:58.792] [Server thread/INFO] [mod.lucky.forge.ForgeLuckyRegistry/]: Chosen Lucky Drop: group(type=difficulty,ID=hard;type=entity,ID=rabbit,NBTTag=(RabbitType=99))@luck=-1
[14Apr2025 22:32:01.257] [Server thread/INFO] [net.minecraft.world.entity.LivingEntity/]: Named entity Rabbit['The Killer Bunny'/1519, l='ServerLevel[Lucky Blocks Race 3]', x=-297.98, y=82.52, z=-285.50] died: The Killer Bunny was slain by Poubasadito
[14Apr2025 22:32:04.664] [Server thread/INFO] [mod.lucky.forge.ForgeLuckyRegistry/]: Chosen Lucky Drop: type=item,ID=lucky:lucky_potion,NBTTag=(Luck=#randList(100,-100)),amount=#rand(10,15)@chance=1.5@luck=2
[14Apr2025 22:32:10.891] [Server thread/INFO] [mod.lucky.forge.ForgeLuckyRegistry/]: Chosen Lucky Drop: group(type=effect,ID=health_boost,range=4,amplifier=1,duration=600;type=effect,ID=absorption,range=4,amplifier=1,duration=600;type=particle,ID=splashpotion,potion=healing;type=entity,ID=horse,NBTTag=(OwnerUUID=#pUUID,ArmorItem=(id=golden_horse_armor,Count=1),SaddleItem=(id=saddle,Count=1)))@luck=2
[14Apr2025 22:32:18.791] [Server thread/INFO] [mod.lucky.forge.ForgeLuckyRegistry/]: Chosen Lucky Drop: group(type=difficulty,ID=hard;type=explosion,damage=4;type=particle,ID=splashpotion,potion=harming)@luck=-2
[14Apr2025 22:32:18.807] [Server thread/INFO] [net.minecraft.world.entity.npc.Villager/]: Villager Villager['Nitwit'/1507, l='ServerLevel[Lucky Blocks Race 3]', x=-299.47, y=84.30, z=-287.40] died, message: 'Nitwit blew up'
[14Apr2025 22:32:19.293] [Server thread/INFO] [mod.lucky.forge.ForgeLuckyRegistry/]: Chosen Lucky Drop: type=entity,ID=experience_bottle,NBTTag=(Motion=#randLaunchMotion),amount=#rand(16,32)@luck=2
[14Apr2025 22:32:19.642] [Server thread/INFO] [mod.lucky.forge.ForgeLuckyRegistry/]: Chosen Lucky Drop: group(type=effect,ID=special_knockback,power=2.5,range=4,delay=0.1;type=particle,ID=splashpotion,potion=swiftness;type=particle,ID=poof,size=(1.5,1.0,1.5),particleAmount=500)@luck=-2
[14Apr2025 22:32:19.643] [Server thread/INFO] [mod.lucky.forge.ForgeLuckyRegistry/]: Chosen Lucky Drop: group(type=difficulty,ID=hard;type=explosion,damage=4;type=particle,ID=splashpotion,potion=harming)@luck=-2
[14Apr2025 22:32:19.694] [Server thread/INFO] [mod.lucky.forge.ForgeLuckyRegistry/]: Chosen Lucky Drop: group(type=effect,ID=wither,range=4,duration=30;type=particle,ID=splashpotion,potion=weakness;type=item,ID=bone,posOffset=#circleOffset(0.0,2.0),amount=10;type=item,ID=bone_meal,posOffset=#circleOffset(0.0,2.0),amount=10;type=item,ID=skeleton_skull,posOffset=#circleOffset(0.0,2.0))@luck=-2
[14Apr2025 22:32:19.743] [Server thread/INFO] [mod.lucky.forge.ForgeLuckyRegistry/]: Chosen Lucky Drop: group(type=effect,ID=wither,range=4,duration=30;type=particle,ID=splashpotion,potion=weakness;type=item,ID=bone,posOffset=#circleOffset(0.0,2.0),amount=10;type=item,ID=bone_meal,posOffset=#circleOffset(0.0,2.0),amount=10;type=item,ID=skeleton_skull,posOffset=#circleOffset(0.0,2.0))@luck=-2
[14Apr2025 22:32:20.591] [Server thread/INFO] [mod.lucky.forge.ForgeLuckyRegistry/]: Chosen Lucky Drop: group(type=effect,ID=special_knockback,power=2.5,range=4,delay=0.1;type=particle,ID=splashpotion,potion=swiftness;type=particle,ID=poof,size=(1.5,1.0,1.5),particleAmount=500)@luck=-2
[14Apr2025 22:32:23.466] [Server thread/INFO] [mod.lucky.forge.ForgeLuckyRegistry/]: Chosen Lucky Drop: group:#rand(1,2):(ID=diamond_sword;ID=diamond_shovel;ID=diamond_pickaxe;ID=diamond_axe;ID=diamond_hoe)@luck=2
[14Apr2025 22:32:37.570] [Server thread/INFO] [mod.lucky.forge.ForgeLuckyRegistry/]: Chosen Lucky Drop: type=block,ID=chest,tileEntity=(Items=#chestLootTable("chests/shipwreck_map"))@luck=1
[14Apr2025 22:32:39.091] [Server thread/INFO] [mod.lucky.forge.ForgeLuckyRegistry/]: Chosen Lucky Drop: type=entity,ID=experience_bottle,NBTTag=(Motion=#motionFromDirection(#rand(0,360),-70,0.4)),amount=#rand(20,30)@luck=2
[14Apr2025 22:32:45.702] [Server thread/INFO] [mod.lucky.forge.ForgeLuckyRegistry/]: Chosen Lucky Drop: type=entity,ID=tnt,NBTTag=(Fuse=50b,Motion=#randLaunchMotion),amount=15@luck=-2
[14Apr2025 22:32:46.009] [Server thread/INFO] [mod.lucky.forge.ForgeLuckyRegistry/]: Chosen Lucky Drop: ID=beacon@luck=2
[14Apr2025 22:32:47.852] [Server thread/INFO] [mod.lucky.forge.ForgeLuckyRegistry/]: Chosen Lucky Drop: group(ID=prismarine,amount=#rand(4,8);ID=prismarine,damage=1,amount=#rand(4,8);ID=prismarine,damage=2,amount=#rand(4,8);ID=sea_lantern,amount=#rand(4,8);ID=prismarine_shard,amount=#rand(15,30);ID=prismarine_crystals,amount=#rand(10,20);type=particle,ID=splashpotion,potion="invisibility")@luck=1
[14Apr2025 22:32:51.262] [Server thread/INFO] [mod.lucky.forge.ForgeLuckyRegistry/]: Chosen Lucky Drop: ID=ender_chest,amount=2@luck=0
[14Apr2025 22:32:51.942] [Server thread/INFO] [mod.lucky.forge.ForgeLuckyRegistry/]: Chosen Lucky Drop: group(type=entity,ID=cat,amount=#rand(5,10),posOffset=#circleOffset(3),NBTTag=(CatType=#rand(0,10),CollarColor=#rand(0,15),Owner=#pUUIDArray,Sitting=true);type=particle,ID="heart",size=(2,0,2),particleAmount=20)@luck=1
[14Apr2025 22:32:53.749] [Server thread/INFO] [mod.lucky.forge.ForgeLuckyRegistry/]: Chosen Lucky Drop: group(type=entity,ID=wolf,amount=#rand(5,10),posOffset=#circleOffset(3),NBTTag=(CollarColor=#rand(0,15),Owner=#pUUIDArray,Sitting=true);type=particle,ID="heart",size=(2,0,2),particleAmount=20)@luck=1
[14Apr2025 22:32:55.742] [Server thread/INFO] [mod.lucky.forge.ForgeLuckyRegistry/]: Chosen Lucky Drop: type=block,ID=chest,tileEntity=(Items=#chestLootTable("chests/simple_dungeon"))@luck=1
[14Apr2025 22:32:56.499] [Server thread/INFO] [mod.lucky.forge.ForgeLuckyRegistry/]: Chosen Lucky Drop: ID=saddle,amount=2@luck=0
[14Apr2025 22:32:59.181] [Server thread/INFO] [mod.lucky.forge.ForgeLuckyRegistry/]: Chosen Lucky Drop: group(ID=iron_ingot,amount=#rand(8,16);ID=gold_ingot,amount=#rand(8,16);ID=diamond,amount=#rand(8,16);ID=emerald,amount=#rand(8,16);ID=lapis_lazuli,amount=#rand(8,16);type=entity,ID=firework_rocket,NBTTag=(LifeTime=20,FireworksItem=(id=firework_rocket,Count=1,tag=#randFireworksRocket)),amount=20,posOffset=#circleOffset(0,2))@luck=2
[14Apr2025 22:33:00.531] [Server thread/INFO] [mod.lucky.forge.ForgeLuckyRegistry/]: Chosen Lucky Drop: ID=obsidian,amount=14@luck=1
[14Apr2025 22:33:02.048] [Server thread/INFO] [mod.lucky.forge.ForgeLuckyRegistry/]: Chosen Lucky Drop: group:#rand(1,3):(ID=skeleton_skull;ID=wither_skeleton_skull;ID=zombie_head;ID=player_head;ID=creeper_head)@luck=0
[14Apr2025 22:33:03.343] [Server thread/INFO] [net.minecraft.server.MinecraftServer/]: Poubasadito has made the advancement [Ice Bucket Challenge]
[14Apr2025 22:33:03.624] [Server thread/INFO] [mod.lucky.forge.ForgeLuckyRegistry/]: Chosen Lucky Drop: type=entity,ID=tnt,NBTTag=(Fuse=50b,Motion=#randLaunchMotion),amount=15@luck=-2
[14Apr2025 22:33:05.208] [Server thread/INFO] [mod.lucky.forge.ForgeLuckyRegistry/]: Chosen Lucky Drop: type=block,ID=chest,tileEntity=(Items=#chestLootTable("chests/shipwreck_map"))@luck=1
[14Apr2025 22:33:06.188] [Server thread/INFO] [net.minecraft.server.MinecraftServer/]: Iaqocraft blew up
[14Apr2025 22:33:06.462] [Server thread/INFO] [mod.lucky.forge.ForgeLuckyRegistry/]: Chosen Lucky Drop: group(ID=jukebox;ID=#randList(music_disc_11,music_disc_13,music_disc_blocks,music_disc_chirp,music_disc_far,music_disc_mall,music_disc_mellohi,music_disc_stal,music_disc_strad,music_disc_wait,music_disc_ward),amount=#rand(1,3))@luck=1
[14Apr2025 22:33:08.746] [Server thread/INFO] [mod.lucky.forge.ForgeLuckyRegistry/]: Chosen Lucky Drop: group(ID=ender_pearl,amount=#rand(1,3);ID=blaze_rod,amount=#rand(1,3);ID=ghast_tear,amount=#rand(1,3);ID=gold_nugget,amount=#rand(1,3);ID=nether_wart,amount=#rand(1,3);ID=spider_eye,amount=#rand(1,3);ID=fermented_spider_eye,amount=#rand(1,3);ID=blaze_powder,amount=#rand(1,3);ID=magma_cream,amount=#rand(1,3);ID=ender_eye,amount=#rand(1,3);ID=glistering_melon_slice,amount=#rand(1,3);ID=rabbit_foot,amount=#rand(1,3);type=particle,ID=splashpotion,potion="fire_resistance")@luck=2
[14Apr2025 22:33:15.692] [Server thread/INFO] [net.minecraft.server.MinecraftServer/]: Poubasadito has made the advancement [Into Fire]
[14Apr2025 22:33:23.996] [Server thread/INFO] [mod.lucky.forge.ForgeLuckyRegistry/]: Chosen Lucky Drop: ID=poppy,NBTTag=(display=(Name=#jsonStr(text="Romantic Rose",color=dark_red)))@luck=-1
[14Apr2025 22:33:26.113] [Server thread/INFO] [mod.lucky.forge.ForgeLuckyRegistry/]: Chosen Lucky Drop: type=structure,ID=bedrock_problem,rotation=#pDirect@luck=-1
[14Apr2025 22:33:32.946] [Server thread/INFO] [mod.lucky.forge.ForgeLuckyRegistry/]: Chosen Lucky Drop: ID=end_portal_frame,amount=#rand(2,6)@luck=2
[14Apr2025 22:33:35.043] [Server thread/INFO] [mod.lucky.forge.ForgeLuckyRegistry/]: Chosen Lucky Drop: group(type=difficulty,ID=hard;type=entity,ID=giant)@luck=-2
[14Apr2025 22:33:44.497] [Server thread/INFO] [mod.lucky.forge.ForgeLuckyRegistry/]: Chosen Lucky Drop: group(ID=golden_helmet;ID=golden_chestplate;ID=golden_leggings;ID=golden_boots;ID=golden_horse_armor)@luck=1
[14Apr2025 22:33:46.294] [Server thread/INFO] [mod.lucky.forge.ForgeLuckyRegistry/]: Chosen Lucky Drop: type=entity,ID=armor_stand,NBTTag=(Small=true,NoBasePlate=true,ShowArms=true,HandItems=[(id=stone_pickaxe,Count=1)],ArmorItems=[(id=leather_boots,Count=1,tag=(display=(color=#randColor))),(id=leather_leggings,Count=1,tag=(display=(color=#randColor))),(id=leather_chestplate,Count=1,tag=(display=(color=#randColor))),(id=player_head,Count=1,tag=(SkullOwner=#pName))],Rotation=[#pYaw+180f,0f],CustomName=#jsonStr(text="Baby #pName"),CustomNameVisible=true)@luck=0
[14Apr2025 22:33:46.608] [Server thread/INFO] [mod.lucky.forge.ForgeLuckyRegistry/]: Chosen Lucky Drop: group(ID=fishing_rod;ID=#randList(cod,pufferfish,salmon,tropical_fish),amount=#rand(10,20))@luck=1
[14Apr2025 22:33:50.764] [Server thread/INFO] [mod.lucky.forge.ForgeLuckyRegistry/]: Chosen Lucky Drop: type=item,ID=lucky:lucky_potion,NBTTag=(Luck=#randList(100,-100)),amount=#rand(10,15)@chance=1.5@luck=2
[14Apr2025 22:33:50.940] [Server thread/INFO] [net.minecraft.server.MinecraftServer/]: Poubasadito has made the advancement [Getting an Upgrade]
[14Apr2025 22:33:53.154] [Server thread/INFO] [mod.lucky.forge.ForgeLuckyRegistry/]: Chosen Lucky Drop: group(type=structure,ID=cage,pos=#pPos,rotation=#pDirect;type=block,ID=lava,pos=(#pPosX,#pPosY+3,#pPosZ))@luck=-2
[14Apr2025 22:33:58.826] [Server thread/INFO] [mod.lucky.forge.ForgeLuckyRegistry/]: Chosen Lucky Drop: group(group:1:(ID=#randColor_wool,amount=#rand(32,64);ID=#randColor_terracotta,amount=#rand(32,64);ID=#randColor_dye,amount=#rand(32,64));type=particle,ID=splashpotion,potion=#randPotion,amount=10)@luck=1
[14Apr2025 22:34:02.044] [Server thread/INFO] [mod.lucky.forge.ForgeLuckyRegistry/]: Chosen Lucky Drop: type=structure,ID=water_cage,pos=#pPos@luck=-2
[14Apr2025 22:34:02.168] [Server thread/INFO] [net.minecraft.server.MinecraftServer/]: [Iaqocraft: Set own game mode to Creative Mode]
[14Apr2025 22:34:02.730] [Server thread/INFO] [net.minecraft.server.MinecraftServer/]: [Iaqocraft: Set own game mode to Survival Mode]
[14Apr2025 22:34:04.303] [Server thread/INFO] [mod.lucky.forge.ForgeLuckyRegistry/]: Chosen Lucky Drop: group(ID=quartz_slab,amount=#rand(4,8);ID=nether_quartz_ore,amount=#rand(16,32);ID=quartz_block,amount=#rand(4,8);ID=quartz_block,damage=1,amount=#rand(4,8);ID=quartz_block,damage=2,amount=#rand(4,8);ID=quartz_stairs,amount=#rand(4,8);ID=quartz,amount=#rand(24,32);type=particle,ID=splashpotion,potion="invisibility")@luck=1
[14Apr2025 22:34:06.607] [Server thread/INFO] [mod.lucky.forge.ForgeLuckyRegistry/]: Chosen Lucky Drop: group(type=fill,ID=air,size=(1,8,1);type=entity,ID=falling_block,posY=#bPosY+7,NBTTag=(BlockState=(Name=emerald_block));type=particle,ID=happy_villager,size=(1,2,1),particleAmount=500;type=sound,ID=block.grass.break)@luck=0
[14Apr2025 22:34:16.196] [Server thread/INFO] [mod.lucky.forge.ForgeLuckyRegistry/]: Chosen Lucky Drop: ID=nether_star@luck=2
[14Apr2025 22:34:17.898] [Server thread/INFO] [mod.lucky.forge.ForgeLuckyRegistry/]: Chosen Lucky Drop: ID=potion,NBTTag=(Potion="fire_resistance",CustomPotionEffects=#luckyPotionEffects,display=(Name=#jsonStr(text="Hero's Potion",color=blue,bold=true)))@luck=2
[14Apr2025 22:34:18.292] [Server thread/INFO] [mod.lucky.forge.ForgeLuckyRegistry/]: Chosen Lucky Drop: type=entity,ID=armor_stand,NBTTag=(Small=true,NoBasePlate=true,ShowArms=true,HandItems=[(id=stone_pickaxe,Count=1)],ArmorItems=[(id=leather_boots,Count=1,tag=(display=(color=#randColor))),(id=leather_leggings,Count=1,tag=(display=(color=#randColor))),(id=leather_chestplate,Count=1,tag=(display=(color=#randColor))),(id=player_head,Count=1,tag=(SkullOwner=#pName))],Rotation=[#pYaw+180f,0f],CustomName=#jsonStr(text="Baby #pName"),CustomNameVisible=true)@luck=0
[14Apr2025 22:34:20.056] [Server thread/INFO] [mod.lucky.forge.ForgeLuckyRegistry/]: Chosen Lucky Drop: group:1:(type=entity,ID=pig,NBTTag=(CustomName=#jsonStr(text="Lucky Pig",color=yellow,bold=true),CustomNameVisible=true);type=entity,ID=cow,NBTTag=(CustomName=#jsonStr(text="Lucky Cow",color=yellow,bold=true),CustomNameVisible=true);type=entity,ID=chicken,NBTTag=(CustomName=#jsonStr(text="Lucky Chicken",color=yellow,bold=true),CustomNameVisible=true);type=entity,ID=sheep,NBTTag=(CustomName=#jsonStr(text="Lucky Sheep",color=yellow,bold=true),CustomNameVisible=true);type=entity,ID=rabbit,NBTTag=(CustomName=#jsonStr(text="Lucky Rabbit",color=yellow,bold=true),CustomNameVisible=true);type=entity,ID=squid,NBTTag=(CustomName=#jsonStr(text="Unlucky Squid",color=yellow,bold=true),CustomNameVisible=true))@luck=0
[14Apr2025 22:34:20.349] [Server thread/INFO] [mod.lucky.forge.ForgeLuckyRegistry/]: Chosen Lucky Drop: group(type=structure,ID=wishing_well;type=message,ID="A wishing well? Maybe you should throw in a coin...";type=command,ID=/give #pName gold_nugget{display:{Name:"{\"text\":\"Coin\",\"color\":\"gold\"}"}};type=block,ID=lucky:lucky_block,posY=#bPosY-3,NBTTag=(Drops=["group(type=message,ID=\"$eYour wish came true! (If you like potatoes)\";type=block,ID=air,posY='#'bPosY+3;type=block,ID=beacon,posY='#'bPosY+2;ID=potato,amount=128,posY='#'bPosY+10,posOffset='#'circleOffset(2);ID=baked_potato,amount=64,posY='#'bPosY+10,posOffset='#'circleOffset(2);ID=poisonous_potato,amount=32,posY='#'bPosY+10,posOffset='#'circleOffset(2))"]))@luck=1
[14Apr2025 22:34:25.042] [Server thread/INFO] [mod.lucky.forge.ForgeLuckyRegistry/]: Chosen Lucky Drop: group(type=message,ID="Your wish came true! (If you like potatoes)";type=block,ID=air,posY=#bPosY+3;type=block,ID=beacon,posY=#bPosY+2;ID=potato,amount=128,posY=#bPosY+10,posOffset=#circleOffset(2);ID=baked_potato,amount=64,posY=#bPosY+10,posOffset=#circleOffset(2);ID=poisonous_potato,amount=32,posY=#bPosY+10,posOffset=#circleOffset(2))
[14Apr2025 22:34:25.398] [Server thread/INFO] [net.minecraft.world.entity.LivingEntity/]: Named entity Cow['Lucky Cow'/2347, l='ServerLevel[Lucky Blocks Race 3]', x=-411.32, y=81.00, z=-276.53] died: Lucky Cow was slain by Iaqocraft
[14Apr2025 22:34:29.116] [Server thread/INFO] [mod.lucky.forge.ForgeLuckyRegistry/]: Chosen Lucky Drop: group(type=entity,ID=cat,amount=#rand(5,10),posOffset=#circleOffset(3),NBTTag=(CatType=#rand(0,10),CollarColor=#rand(0,15),Owner=#pUUIDArray,Sitting=true);type=particle,ID="heart",size=(2,0,2),particleAmount=20)@luck=1
[14Apr2025 22:34:31.002] [Server thread/INFO] [mod.lucky.forge.ForgeLuckyRegistry/]: Chosen Lucky Drop: group(ID=iron_horse_armor;ID=golden_horse_armor;ID=diamond_horse_armor)@luck=2
[14Apr2025 22:34:33.101] [Server thread/INFO] [mod.lucky.forge.ForgeLuckyRegistry/]: Chosen Lucky Drop: ID=#randList(potion,splash_potion),NBTTag=(Potion=#randPotion),amount=#rand(4,8)@luck=1
[14Apr2025 22:34:35.016] [Server thread/INFO] [mod.lucky.forge.ForgeLuckyRegistry/]: Chosen Lucky Drop: type=item,ID=lucky:lucky_sword@chance=1.5@luck=2
[14Apr2025 22:34:35.872] [Server thread/INFO] [mod.lucky.forge.ForgeLuckyRegistry/]: Chosen Lucky Drop: group(ID=golden_apple,amount=#rand(2,4);ID=enchanted_golden_apple,amount=#rand(1,2))@luck=2
[14Apr2025 22:34:42.443] [Server thread/INFO] [mod.lucky.forge.ForgeLuckyRegistry/]: Chosen Lucky Drop: group(type=difficulty,ID=hard;type=explosion,damage=4;type=particle,ID=splashpotion,potion=harming)@luck=-2
[14Apr2025 22:34:42.452] [Server thread/INFO] [net.minecraft.server.MinecraftServer/]: Iaqocraft blew up
[14Apr2025 22:34:42.453] [Server thread/INFO] [net.minecraft.server.MinecraftServer/]: Poubasadito blew up
[14Apr2025 22:34:43.292] [Server thread/INFO] [mod.lucky.forge.ForgeLuckyRegistry/]: Chosen Lucky Drop: group(type=effect,ID=instant_damage,range=4;type=particle,ID=splashpotion,potion=harming;type=entity,ID=lucky:lucky_projectile,NBTTag=(Motion=#motionFromDirection(#rand(0,360),-50,0.4),item=(id=iron_sword),damage=4.0),amount=20)@luck=-2
[14Apr2025 22:34:46.888] [Server thread/INFO] [net.minecraft.server.MinecraftServer/]: [Poubasadito: Set own game mode to Creative Mode]
[14Apr2025 22:34:55.274] [Server thread/INFO] [net.minecraft.server.MinecraftServer/]: [Iaqocraft: Set own game mode to Creative Mode]
[14Apr2025 22:35:05.361] [Server thread/DEBUG] [net.minecraftforge.common.ForgeHooks/WP]: Gathering id map for writing to world save Lucky Blocks Race 3
[14Apr2025 22:35:05.368] [Server thread/DEBUG] [net.minecraftforge.common.ForgeHooks/WP]: ID Map collection complete Lucky Blocks Race 3
[14Apr2025 22:35:14.088] [Server thread/INFO] [net.minecraft.server.MinecraftServer/]: [Iaqocraft: Set own game mode to Survival Mode]
[14Apr2025 22:35:32.892] [Server thread/INFO] [net.minecraft.server.MinecraftServer/]: [Iaqocraft: Set own game mode to Creative Mode]
[14Apr2025 22:35:36.943] [Server thread/INFO] [net.minecraft.server.MinecraftServer/]: [Poubasadito: Set own game mode to Survival Mode]
[14Apr2025 22:35:37.137] [Server thread/INFO] [net.minecraft.server.MinecraftServer/]: [Iaqocraft: Set own game mode to Survival Mode]
[14Apr2025 22:35:38.354] [Server thread/INFO] [mod.lucky.forge.ForgeLuckyRegistry/]: Chosen Lucky Drop: type=structure,ID=giant_lucky_block_bad,rotation=#pDirect@luck=-2
[14Apr2025 22:35:40.199] [Server thread/INFO] [mod.lucky.forge.ForgeLuckyRegistry/]: Chosen Lucky Drop: group(group(ID=giant_block_break_stage_1;ID=giant_block_break_stage_2,delay=1;ID=giant_block_break_stage_3,delay=2;ID=giant_block_break_stage_4,delay=3;ID=giant_block_break_stage_5,delay=4),type=structure,pos=[-446.5,80.0,-284.5],rotation=2;type=fill,ID=air,pos=[-443,80,-278],pos2=[-450,87,-285],delay=5;type=entity,ID=tnt,pos=[-447,84,-282],NBTTag=(Fuse=50b,Motion=#randLaunchMotion),amount=15,delay=5)
[14Apr2025 22:35:43.068] [Server thread/INFO] [mod.lucky.forge.ForgeLuckyRegistry/]: Chosen Lucky Drop: group(type=fill,ID=air,size=(1,51,1);type=entity,ID=falling_block,NBTTag=(BlockState=(Name=redstone_block)),posY=#bPosY+5;group(posY=#bPosY+10;posY=#bPosY+15;posY=#bPosY+20;posY=#bPosY+25;posY=#bPosY+30;posY=#bPosY+35;posY=#bPosY+40;posY=#bPosY+45;posY=#bPosY+50),type=entity,ID=falling_block,NBTTag=(BlockState=(Name=tnt)))@luck=2
[14Apr2025 22:36:04.415] [Server thread/INFO] [mod.lucky.forge.ForgeLuckyRegistry/]: Chosen Lucky Drop: group(type=effect,ID=special_fire,range=4,excludePlayer=true,duration=#rand(5,10);type=particle,ID=flame,pos=#pExactPos,size=(1.0,0.3,1.0),particleAmount=2000)@luck=2
[14Apr2025 22:36:11.298] [Server thread/INFO] [mod.lucky.forge.ForgeLuckyRegistry/]: Chosen Lucky Drop: ID=saddle,amount=2@luck=0
[14Apr2025 22:36:23.743] [Server thread/INFO] [net.minecraft.server.MinecraftServer/]: [Poubasadito: Set own game mode to Creative Mode]
[14Apr2025 22:36:33.027] [Server thread/INFO] [net.minecraft.server.MinecraftServer/]: [Poubasadito: Set own game mode to Survival Mode]
[14Apr2025 22:36:36.237] [Server thread/INFO] [net.minecraft.server.MinecraftServer/]: [Iaqocraft: Set own game mode to Creative Mode]
[14Apr2025 22:36:39.911] [Server thread/INFO] [net.minecraft.server.MinecraftServer/]: [Poubasadito: Set own game mode to Creative Mode]
[14Apr2025 22:36:59.092] [Server thread/INFO] [net.minecraft.server.MinecraftServer/]: [Iaqocraft: Set own game mode to Survival Mode]
[14Apr2025 22:37:03.343] [Server thread/INFO] [mod.lucky.forge.ForgeLuckyRegistry/]: Chosen Lucky Drop: group(type=block,ID=fire,posOffset=#circleOffset(0,3),amount=50;type=block,ID=flowing_lava;type=particle,ID=splashpotion,potion=fire_resistance)@luck=-2
[14Apr2025 22:37:08.243] [Server thread/INFO] [mod.lucky.forge.ForgeLuckyRegistry/]: Chosen Lucky Drop: type=entity,ID=experience_bottle,NBTTag=(Motion=#motionFromDirection(#rand(0,360),-70,0.4)),amount=#rand(20,30)@luck=2
[14Apr2025 22:37:08.442] [Server thread/INFO] [mod.lucky.forge.ForgeLuckyRegistry/]: Chosen Lucky Drop: group(type=item,ID=anvil;ID=enchanted_book,NBTTag=(StoredEnchantments=#randEnchantment),posOffset=#circleOffset(0.0,2.0),amount=#rand(7,10);type=particle,ID=splashpotion,potion=strength)@luck=2
[14Apr2025 22:37:08.642] [Server thread/INFO] [mod.lucky.forge.ForgeLuckyRegistry/]: Chosen Lucky Drop: type=entity,ID=experience_bottle,NBTTag=(Motion=#motionFromDirection(#rand(0,360),-70,0.4)),amount=#rand(20,30)@luck=2
[14Apr2025 22:37:08.842] [Server thread/INFO] [mod.lucky.forge.ForgeLuckyRegistry/]: Chosen Lucky Drop: group(type=effect,ID=instant_health,range=4,amplifier=3;type=effect,ID=regeneration,range=4,amplifier=1,duration=300;type=particle,ID=splashpotion,potion=healing;type=particle,ID=heart,size=(1.5,0.5,1.5),particleAmount=300)@luck=2
[14Apr2025 22:37:09.044] [Server thread/INFO] [mod.lucky.forge.ForgeLuckyRegistry/]: Chosen Lucky Drop: group(type=effect,ID=instant_health,range=4,amplifier=3;type=effect,ID=regeneration,range=4,amplifier=1,duration=300;type=particle,ID=splashpotion,potion=healing;type=particle,ID=heart,size=(1.5,0.5,1.5),particleAmount=300)@luck=2
[14Apr2025 22:37:09.265] [Server thread/INFO] [mod.lucky.forge.ForgeLuckyRegistry/]: Chosen Lucky Drop: group(type=effect,ID=saturation,range=4,amplifier=3,duration=600;type=particle,ID=splashpotion,potion=strength;type=block,ID=cake;type=item,ID=#randList(apple,baked_potato,bread,carrot,cooked_chicken,cooked_salmon,cooked_mutton,cooked_porkchop,cooked_beef,cooked_rabbit,cookie,golden_apple,golden_carrot,melon,mushroom_stew,potato,pumpkin_pie,rabbit_stew,beef,salmon,mutton,porkchop),amount=20)@luck=2
[14Apr2025 22:37:09.393] [Server thread/INFO] [mod.lucky.forge.ForgeLuckyRegistry/]: Chosen Lucky Drop: group(type=effect,ID=invisibility,range=4,duration=300;type=particle,ID=splashpotion,potion=invisibility;type=particle,ID=poof,size=(2.0,1.0,2.0),particleAmount=300,amount=30,delay=#rand(0.0,8.0))@luck=2
[14Apr2025 22:37:09.643] [Server thread/INFO] [mod.lucky.forge.ForgeLuckyRegistry/]: Chosen Lucky Drop: group(type=effect,ID=invisibility,range=4,duration=300;type=particle,ID=splashpotion,potion=invisibility;type=particle,ID=poof,size=(2.0,1.0,2.0),particleAmount=300,amount=30,delay=#rand(0.0,8.0))@luck=2
[14Apr2025 22:37:09.845] [Server thread/INFO] [mod.lucky.forge.ForgeLuckyRegistry/]: Chosen Lucky Drop: group(type=effect,ID=jump_boost,range=4,amplifier=2,duration=600;type=particle,ID=splashpotion,potion=leaping;type=entity,ID=rabbit,posOffset=#circleOffset(0.0,2.0),amount=8)@luck=2
[14Apr2025 22:37:09.994] [Server thread/INFO] [mod.lucky.forge.ForgeLuckyRegistry/]: Chosen Lucky Drop: group(type=effect,ID=jump_boost,range=4,amplifier=2,duration=600;type=particle,ID=splashpotion,potion=leaping;type=entity,ID=rabbit,posOffset=#circleOffset(0.0,2.0),amount=8)@luck=2
[14Apr2025 22:37:10.194] [Server thread/INFO] [mod.lucky.forge.ForgeLuckyRegistry/]: Chosen Lucky Drop: group(type=effect,ID=health_boost,range=4,amplifier=1,duration=600;type=effect,ID=absorption,range=4,amplifier=1,duration=600;type=particle,ID=splashpotion,potion=healing;type=entity,ID=horse,NBTTag=(OwnerUUID=#pUUID,ArmorItem=(id=golden_horse_armor,Count=1),SaddleItem=(id=saddle,Count=1)))@luck=2
[14Apr2025 22:37:10.498] [Server thread/INFO] [mod.lucky.forge.ForgeLuckyRegistry/]: Chosen Lucky Drop: group(type=effect,ID=instant_health,range=4,amplifier=3;type=effect,ID=regeneration,range=4,amplifier=1,duration=300;type=particle,ID=splashpotion,potion=healing;type=particle,ID=heart,size=(1.5,0.5,1.5),particleAmount=300)@luck=2
[14Apr2025 22:37:41.393] [Server thread/INFO] [net.minecraft.server.MinecraftServer/]: Iaqocraft has made the advancement [The End?]
[14Apr2025 22:37:42.324] [Server thread/WARN] [net.minecraft.server.network.ServerGamePacketListenerImpl/]: Iaqocraft moved too quickly! 603.5299840781277,-32.530963542657915,241.73637041644807
[14Apr2025 22:37:43.364] [Server thread/INFO] [net.minecraft.world.level.dimension.end.EndDragonFight/]: Scanning for legacy world dragon fight...
[14Apr2025 22:37:43.369] [Server thread/INFO] [net.minecraft.world.level.dimension.end.EndDragonFight/]: Found that the dragon has not yet been killed in this world.
[14Apr2025 22:37:43.978] [Server thread/WARN] [net.minecraft.server.MinecraftServer/]: Can't keep up! Is the server overloaded? Running 2038ms or 40 ticks behind
[14Apr2025 22:37:50.557] [Server thread/INFO] [net.minecraft.server.MinecraftServer/]: [Iaqocraft: Teleported Iaqocraft to Poubasadito]
[14Apr2025 22:37:55.203] [Server thread/INFO] [net.minecraft.server.MinecraftServer/]: [Iaqocraft: Set own game mode to Creative Mode]
[14Apr2025 22:38:05.243] [Server thread/INFO] [net.minecraft.server.MinecraftServer/]: [Iaqocraft: Set own game mode to Survival Mode]
[14Apr2025 22:38:07.894] [Server thread/INFO] [net.minecraft.server.MinecraftServer/]: [Poubasadito: Set own game mode to Survival Mode]
[14Apr2025 22:38:10.591] [Server thread/INFO] [mod.lucky.forge.ForgeLuckyRegistry/]: Chosen Lucky Drop: group(type=effect,ID=weakness,range=4,duration=30;type=particle,ID=splashpotion,potion=weakness;type=difficulty,ID=hard;type=entity,ID=#randList(zombie,skeleton,spider),posOffset=#circleOffset(0.0,2.0),amount=#rand(7,10))@luck=-2
[14Apr2025 22:38:13.603] [Server thread/INFO] [mod.lucky.forge.ForgeLuckyRegistry/]: Chosen Lucky Drop: group(type=effect,ID=poison,target=hitEntity,amplifier=2,duration=5;type=particle,ID=splashpotion,potion=poison)@luck=2
[14Apr2025 22:38:14.213] [Server thread/INFO] [mod.lucky.forge.ForgeLuckyRegistry/]: Chosen Lucky Drop: type=nothing@luck=0@chance=24
[14Apr2025 22:38:14.802] [Server thread/INFO] [mod.lucky.forge.ForgeLuckyRegistry/]: Chosen Lucky Drop: type=nothing@luck=0@chance=24
[14Apr2025 22:38:15.392] [Server thread/INFO] [net.minecraft.server.MinecraftServer/]: Iaqocraft has made the advancement [Monster Hunter]
[14Apr2025 22:38:16.601] [Server thread/INFO] [mod.lucky.forge.ForgeLuckyRegistry/]: Chosen Lucky Drop: type=entity,ID=arrow,pos=#bowPos,NBTTag=(Motion=#bowMotion,Color=-1)@chance=20
[14Apr2025 22:38:16.893] [Server thread/INFO] [net.minecraft.server.MinecraftServer/]: Poubasadito has made the advancement [Take Aim]
[14Apr2025 22:38:17.416] [Server thread/INFO] [mod.lucky.forge.ForgeLuckyRegistry/]: Chosen Lucky Drop: type=nothing@luck=0@chance=24
[14Apr2025 22:38:18.094] [Server thread/INFO] [mod.lucky.forge.ForgeLuckyRegistry/]: Chosen Lucky Drop: group(type=effect,ID=special_knockback,range=6,excludePlayer=true,power=1.8,pos=#pPos,delay=0.1;type=particle,ID=poof,size=(1.0,0.3,1.0),particleAmount=500,pos=#pExactPos)@luck=2
[14Apr2025 22:38:19.407] [Server thread/INFO] [mod.lucky.forge.ForgeLuckyRegistry/]: Chosen Lucky Drop: type=entity,ID=arrow,pos=#bowPos,NBTTag=(Motion=#bowMotion,Color=-1)@chance=20
[14Apr2025 22:38:21.189] [Server thread/INFO] [mod.lucky.forge.ForgeLuckyRegistry/]: Chosen Lucky Drop: group:1:(type=entity,ID=lucky:lucky_projectile,pos=#bowPos,NBTTag=(Motion=#bowMotion,item=(id=water_bucket),trail=(frequency=0.5,drops=["type=particle,ID=splash"]),impact=["type=block,ID=water"]);type=entity,ID=lucky:lucky_projectile,pos=#bowPos,NBTTag=(Motion=#bowMotion,item=(id=lava_bucket),trail=(frequency=0.5,drops=["type=particle,ID=smoke"]),impact=["type=block,ID=lava"]))@luck=2
[14Apr2025 22:38:21.542] [Server thread/INFO] [mod.lucky.forge.ForgeLuckyRegistry/]: Chosen Lucky Drop: type=block,ID=water
[14Apr2025 22:38:22.809] [Server thread/INFO] [mod.lucky.forge.ForgeLuckyRegistry/]: Chosen Lucky Drop: type=entity,ID=lucky:lucky_projectile,pos=#bowPos,NBTTag=(Motion=#bowMotion,item=(id=iron_sword),damage=10.0)@luck=2
[14Apr2025 22:38:23.908] [Server thread/INFO] [mod.lucky.forge.ForgeLuckyRegistry/]: Chosen Lucky Drop: type=nothing@luck=0@chance=24
[14Apr2025 22:38:24.455] [Server thread/INFO] [mod.lucky.forge.ForgeLuckyRegistry/]: Chosen Lucky Drop: type=entity,ID=lucky:lucky_projectile,pos=#bowPos,NBTTag=(Motion=#bowMotion,item=(id=iron_sword),damage=10.0)@luck=2
[14Apr2025 22:38:26.457] [Server thread/INFO] [mod.lucky.forge.ForgeLuckyRegistry/]: Chosen Lucky Drop: type=entity,ID=arrow,pos=#bowPos,NBTTag=(Motion=#bowMotion,Color=-1)@chance=20
[14Apr2025 22:38:29.567] [Server thread/INFO] [mod.lucky.forge.ForgeLuckyRegistry/]: Chosen Lucky Drop: type=entity,ID=arrow,pos=#bowPos,NBTTag=(Motion=#bowMotion,Color=-1)@chance=20
[14Apr2025 22:38:32.436] [Server thread/INFO] [mod.lucky.forge.ForgeLuckyRegistry/]: Chosen Lucky Drop: type=entity,ID=lucky:lucky_projectile,pos=#bowPos,NBTTag=(Motion=#bowMotion(1.0,2.0),item=(id=#randList(zombie_spawn_egg,skeleton_spawn_egg,spider_spawn_egg)),impact=["group(type=difficulty,ID=hard;type=entity,ID=#randList(zombie,skeleton,spider),posOffset=#circleOffset(0,2))"]),amount=#rand(7,10)@luck=2
[14Apr2025 22:38:32.492] [Server thread/INFO] [mod.lucky.forge.ForgeLuckyRegistry/]: Chosen Lucky Drop: group(type=difficulty,ID=hard;type=entity,ID=#randList(zombie,skeleton,spider),posOffset=#circleOffset(0,2))
[14Apr2025 22:38:32.493] [Server thread/INFO] [mod.lucky.forge.ForgeLuckyRegistry/]: Chosen Lucky Drop: group(type=difficulty,ID=hard;type=entity,ID=#randList(zombie,skeleton,spider),posOffset=#circleOffset(0,2))
[14Apr2025 22:38:32.494] [Server thread/INFO] [mod.lucky.forge.ForgeLuckyRegistry/]: Chosen Lucky Drop: group(type=difficulty,ID=hard;type=entity,ID=#randList(zombie,skeleton,spider),posOffset=#circleOffset(0,2))
[14Apr2025 22:38:32.495] [Server thread/INFO] [mod.lucky.forge.ForgeLuckyRegistry/]: Chosen Lucky Drop: group(type=difficulty,ID=hard;type=entity,ID=#randList(zombie,skeleton,spider),posOffset=#circleOffset(0,2))
[14Apr2025 22:38:32.495] [Server thread/INFO] [mod.lucky.forge.ForgeLuckyRegistry/]: Chosen Lucky Drop: group(type=difficulty,ID=hard;type=entity,ID=#randList(zombie,skeleton,spider),posOffset=#circleOffset(0,2))
[14Apr2025 22:38:32.496] [Server thread/INFO] [mod.lucky.forge.ForgeLuckyRegistry/]: Chosen Lucky Drop: group(type=difficulty,ID=hard;type=entity,ID=#randList(zombie,skeleton,spider),posOffset=#circleOffset(0,2))
[14Apr2025 22:38:32.893] [Server thread/INFO] [mod.lucky.forge.ForgeLuckyRegistry/]: Chosen Lucky Drop: group(type=difficulty,ID=hard;type=entity,ID=#randList(zombie,skeleton,spider),posOffset=#circleOffset(0,2))
[14Apr2025 22:38:34.500] [Server thread/INFO] [mod.lucky.forge.ForgeLuckyRegistry/]: Chosen Lucky Drop: group:1:(type=entity,ID=lucky:lucky_projectile,pos=#bowPos,NBTTag=(Motion=#bowMotion,item=(id=water_bucket),trail=(frequency=0.5,drops=["type=particle,ID=splash"]),impact=["type=block,ID=water"]);type=entity,ID=lucky:lucky_projectile,pos=#bowPos,NBTTag=(Motion=#bowMotion,item=(id=lava_bucket),trail=(frequency=0.5,drops=["type=particle,ID=smoke"]),impact=["type=block,ID=lava"]))@luck=2
[14Apr2025 22:38:34.895] [Server thread/INFO] [mod.lucky.forge.ForgeLuckyRegistry/]: Chosen Lucky Drop: type=block,ID=lava
[14Apr2025 22:38:36.107] [Server thread/INFO] [mod.lucky.forge.ForgeLuckyRegistry/]: Chosen Lucky Drop: type=entity,ID=lucky:lucky_projectile,pos=#bowPos,NBTTag=(Motion=#bowMotion,item=(id=feather),impact=["group(type=effect,ID=special_knockback,power=2.5,range=4,delay=0.1;type=particle,ID=poof,size=(1.5,1.0,1.5),particleAmount=500)"])@luck=2
[14Apr2025 22:38:36.145] [Server thread/INFO] [mod.lucky.forge.ForgeLuckyRegistry/]: Chosen Lucky Drop: group(type=effect,ID=special_knockback,power=2.5,range=4,delay=0.1;type=particle,ID=poof,size=(1.5,1.0,1.5),particleAmount=500)
[14Apr2025 22:38:40.841] [Server thread/INFO] [mod.lucky.forge.ForgeLuckyRegistry/]: Chosen Lucky Drop: group(type=effect,ID=instant_damage,range=4;type=particle,ID=splashpotion,potion=harming;type=entity,ID=lucky:lucky_projectile,NBTTag=(Motion=#motionFromDirection(#rand(0,360),-50,0.4),item=(id=iron_sword),damage=4.0),amount=20)@luck=-2
[14Apr2025 22:38:40.995] [Server thread/INFO] [mod.lucky.forge.ForgeLuckyRegistry/]: Chosen Lucky Drop: type=entity,ID=arrow,pos=#bowPos,NBTTag=(Motion=#bowMotion,Color=-1)@chance=20
[14Apr2025 22:38:42.543] [Server thread/INFO] [mod.lucky.forge.ForgeLuckyRegistry/]: Chosen Lucky Drop: type=entity,ID=arrow,pos=#bowPos,NBTTag=(Motion=#bowMotion,Color=-1)@chance=20
[14Apr2025 22:38:43.553] [Server thread/INFO] [mod.lucky.forge.ForgeLuckyRegistry/]: Chosen Lucky Drop: type=entity,ID=lucky:lucky_projectile,pos=#bowPos,NBTTag=(Motion=#bowMotion,item=(id=egg),damage=1.0,impact=["type=entity,ID=chicken"])@luck=-1
[14Apr2025 22:38:43.892] [Server thread/INFO] [mod.lucky.forge.ForgeLuckyRegistry/]: Chosen Lucky Drop: type=entity,ID=chicken
[14Apr2025 22:38:44.603] [Server thread/INFO] [mod.lucky.forge.ForgeLuckyRegistry/]: Chosen Lucky Drop: type=entity,ID=arrow,pos=#bowPos,NBTTag=(Motion=#bowMotion(1.0,5.0),Color=-1),amount=20@luck=2
[14Apr2025 22:38:44.692] [Server thread/INFO] [mod.lucky.forge.ForgeLuckyRegistry/]: Chosen Lucky Drop: group(type=difficulty,ID=hard;type=explosion,damage=4;type=particle,ID=splashpotion,potion=harming)@luck=-2
[14Apr2025 22:38:44.695] [Server thread/INFO] [net.minecraft.server.MinecraftServer/]: Poubasadito has made the advancement [Monster Hunter]
[14Apr2025 22:38:47.845] [Server thread/INFO] [mod.lucky.forge.ForgeLuckyRegistry/]: Chosen Lucky Drop: type=entity,ID=arrow,pos=#pExactPos,posOffsetY=1.5,NBTTag=(Motion=#motionFromDirection(#pYaw+#rand(-10,10),#pPitch+#rand(-10,10),1.0),Color=-1),amount=50,delay=#rand(0.0,4.0)@luck=2
[14Apr2025 22:38:48.342] [Server thread/INFO] [net.minecraft.server.MinecraftServer/]: Poubasadito was shot by Iaqocraft
[14Apr2025 22:38:48.343] [Server thread/INFO] [net.minecraft.server.MinecraftServer/]: Iaqocraft has made the advancement [Take Aim]
[14Apr2025 22:38:53.451] [Server thread/INFO] [mod.lucky.forge.ForgeLuckyRegistry/]: Chosen Lucky Drop: type=entity,ID=lightning_bolt@luck=2
[14Apr2025 22:38:57.849] [Server thread/INFO] [net.minecraft.server.MinecraftServer/]: [Poubasadito: Removed 367 item(s) from player Iaqocraft]
[14Apr2025 22:39:13.500] [Server thread/INFO] [mod.lucky.forge.ForgeLuckyRegistry/]: Chosen Lucky Drop: type=entity,ID=arrow,pos=#bowPos,NBTTag=(Motion=#bowMotion,Color=-1)@chance=20
[14Apr2025 22:39:14.944] [Server thread/INFO] [mod.lucky.forge.ForgeLuckyRegistry/]: Chosen Lucky Drop: type=entity,ID=arrow,pos=#bowPos,NBTTag=(Motion=#bowMotion,Color=-1)@chance=20
[14Apr2025 22:39:16.297] [Server thread/INFO] [mod.lucky.forge.ForgeLuckyRegistry/]: Chosen Lucky Drop: group:1:(type=entity,ID=lucky:lucky_projectile,pos=#bowPos,NBTTag=(Motion=#bowMotion,item=(id=water_bucket),trail=(frequency=0.5,drops=["type=particle,ID=splash"]),impact=["type=block,ID=water"]);type=entity,ID=lucky:lucky_projectile,pos=#bowPos,NBTTag=(Motion=#bowMotion,item=(id=lava_bucket),trail=(frequency=0.5,drops=["type=particle,ID=smoke"]),impact=["type=block,ID=lava"]))@luck=2
[14Apr2025 22:39:16.299] [Server thread/INFO] [net.minecraft.server.MinecraftServer/]: [Iaqocraft: Set own game mode to Creative Mode]
[14Apr2025 22:39:16.392] [Server thread/INFO] [mod.lucky.forge.ForgeLuckyRegistry/]: Chosen Lucky Drop: type=block,ID=lava
[14Apr2025 22:39:18.898] [Server thread/INFO] [mod.lucky.forge.ForgeLuckyRegistry/]: Chosen Lucky Drop: type=entity,ID=arrow,pos=#bowPos,NBTTag=(Motion=#bowMotion,Color=-1)@chance=20
[14Apr2025 22:39:20.247] [Server thread/INFO] [mod.lucky.forge.ForgeLuckyRegistry/]: Chosen Lucky Drop: type=entity,ID=arrow,pos=#bowPos,NBTTag=(Motion=#bowMotion,Color=-1)@chance=20
[14Apr2025 22:39:21.698] [Server thread/INFO] [mod.lucky.forge.ForgeLuckyRegistry/]: Chosen Lucky Drop: type=entity,ID=arrow,pos=#bowPos,NBTTag=(Motion=#bowMotion,Color=-1)@chance=20
[14Apr2025 22:39:23.203] [Server thread/INFO] [mod.lucky.forge.ForgeLuckyRegistry/]: Chosen Lucky Drop: type=entity,ID=lucky:lucky_projectile,pos=#bowPos,NBTTag=(Motion=#bowMotion,item=(id=cobweb),impact=["type=fill,ID=cobweb,size=(3,2,3),posOffset=(-1,0,-1)"])@luck=2
[14Apr2025 22:39:23.242] [Server thread/INFO] [mod.lucky.forge.ForgeLuckyRegistry/]: Chosen Lucky Drop: type=fill,ID=cobweb,size=(3,2,3),posOffset=(-1,0,-1)
[14Apr2025 22:39:26.387] [Server thread/INFO] [net.minecraft.server.MinecraftServer/]: [Poubasadito: Set own game mode to Creative Mode]
[14Apr2025 22:39:32.793] [Server thread/INFO] [net.minecraft.server.network.ServerGamePacketListenerImpl/]: Iaqocraft lost connection: Disconnected
[14Apr2025 22:39:32.794] [Server thread/INFO] [net.minecraft.server.MinecraftServer/]: Iaqocraft left the game
[14Apr2025 22:39:34.291] [Server thread/INFO] [net.minecraft.server.network.ServerGamePacketListenerImpl/]: Poubasadito lost connection: Disconnected
[14Apr2025 22:39:34.291] [Server thread/INFO] [net.minecraft.server.MinecraftServer/]: Poubasadito left the game
